2025-05-08,NEAR,NEAR,156460509,2767120929.909633,2.284913372539231,0,0
2025-05-07,NEAR,NEAR,144885775,2820096914.6991625,2.3291230786412447,0,0
2025-05-06,NEAR,NEAR,144078512,2803325268.7630405,2.3164569559856054,0,0
2025-05-05,NEAR,NEAR,144173682,2811489018.3244977,2.3235406985786105,0,0
2025-05-04,NEAR,NEAR,148361129,2937360914.3360214,2.426043412107072,0,0
2025-05-03,NEAR,NEAR,151801995,3033552683.954678,2.5087548510729434,0,0
2025-05-02,NEAR,NEAR,154879118,3072239098.34425,2.5411555954016767,0,0
2025-05-01,NEAR,NEAR,150955695,2978359254.780774,2.462843070891977,0,0
2025-04-30,NEAR,NEAR,153873531,3054423999.507605,2.5295275274294813,0,0
2025-04-29,NEAR,NEAR,155795218,3139651156.87206,2.595275672119853,0,0
2025-04-28,NEAR,NEAR,152101737,3011065153.899533,2.491431747535148,0,0
2025-04-27,NEAR,NEAR,157028534,3168098689.337338,2.6236517442693037,0,0
2025-04-26,NEAR,NEAR,157413088,3163781974.654561,2.617553903851681,0,0
2025-04-25,NEAR,NEAR,153781752,3066446144.7683096,2.5390175211716355,0,0
2025-04-24,NEAR,NEAR,151862358,2984014402.64604,2.4693916598652432,0,0
2025-04-23,NEAR,NEAR,148037779,2903218970.820463,2.402900495241956,0,0
2025-04-22,NEAR,NEAR,138819232,2666464118.924783,2.214344031853888,0,0
2025-04-21,NEAR,NEAR,139529600,2703669325.894286,2.2402437872704017,0,0
2025-04-20,NEAR,NEAR,138927856,2631327319.833137,2.180256626410953,0,0
2025-04-19,NEAR,NEAR,133334921,2478496431.9405365,2.055140625450244,0,0
2025-04-18,NEAR,NEAR,132888309,2471945018.4282355,2.048917907687506,0,0
2025-04-17,NEAR,NEAR,129586929,2370160271.08191,1.9662907830993783,0,0
2025-04-16,NEAR,NEAR,132460335,2450620235.303941,2.033151606984956,0,0
2025-04-15,NEAR,NEAR,136050485,2543305854.379639,2.1095793850627,0,0
2025-04-14,NEAR,NEAR,135080677,2519819310.725427,2.094971394749824,0,0
2025-04-13,NEAR,NEAR,139412042,2656374294.6794133,2.211380975764895,0,0
2025-04-12,NEAR,NEAR,134372776,2509582050.106262,2.0901692370165224,0,0
2025-04-11,NEAR,NEAR,130132392,2412814440.461508,2.007838761721911,0,0
2025-04-10,NEAR,NEAR,131404818,2517262778.9027696,2.0974446713342845,0,0
2025-04-09,NEAR,NEAR,124045695,2284539484.650487,1.9053186656644048,0,0
2025-04-08,NEAR,NEAR,133553040,2547784986.332122,2.121350393450211,0,0
2025-04-07,NEAR,NEAR,134781088,2580935740.995838,2.155528334668376,0,0
2025-04-06,NEAR,NEAR,146968957,2931795017.702501,2.447281990140777,0,0
2025-04-05,NEAR,NEAR,150038455,3004258806.2678275,2.505047079209442,0,0
2025-04-04,NEAR,NEAR,149815521,3015647767.771123,2.508392691842651,0,0
2025-04-03,NEAR,NEAR,149776213,2939648458.2708163,2.4532105038169543,0,0
2025-04-02,NEAR,NEAR,157643080,3176621301.3623333,2.6512084595544065,0,0
2025-04-01,NEAR,NEAR,152120674,3011733835.030837,2.513309955601512,0,0
2025-03-31,NEAR,NEAR,155861916,3099969990.310182,2.588987664114433,0,0
2025-03-30,NEAR,NEAR,154063987,3071273976.716875,2.5657101382694045,0,0
2025-03-29,NEAR,NEAR,160601838,3273748931.6740546,2.7339207171780617,0,0
2025-03-28,NEAR,NEAR,172937329,3607392319.970357,3.010629614341886,0,0
2025-03-27,NEAR,NEAR,172753916,3573331206.245646,2.987445818359789,0,0
2025-03-26,NEAR,NEAR,173847089,3625072403.84374,3.0276082198714094,0,0
2025-03-25,NEAR,NEAR,169284779,3482162492.588069,2.912678761423292,0,0
2025-03-24,NEAR,NEAR,162709076,3319010822.5074306,2.770230344490914,0,0
2025-03-23,NEAR,NEAR,163006013,3257847188.112428,2.7236051191251307,0,0
2025-03-22,NEAR,NEAR,162144733,3235776701.5272746,2.7079976581490555,0,0
2025-03-21,NEAR,NEAR,161496533,3275099015.164612,2.736655309008859,0,0
2025-03-20,NEAR,NEAR,165017600,3342976461.98298,2.795067515027247,0,0
2025-03-19,NEAR,NEAR,156056912,3097419835.8041244,2.589757099737634,0,0
2025-03-18,NEAR,NEAR,158620277,3155133085.0924683,2.638994328441624,0,0
2025-03-17,NEAR,NEAR,152029836,3011744144.4395065,2.5212885476741422,0,0
2025-03-16,NEAR,NEAR,157538775,3162314578.237317,2.644349238000307,0,0
2025-03-15,NEAR,NEAR,151227079,3117340408.0258546,2.6086193716112693,0,0
2025-03-14,NEAR,NEAR,147555844,3058953202.434792,2.570317584342263,0,0
2025-03-13,NEAR,NEAR,146866234,3037699707.9144,2.551841179822228,0,0
2025-03-12,NEAR,NEAR,140223170,2917433170.269747,2.448298670465794,0,0
2025-03-11,NEAR,NEAR,133167772,2733462758.750597,2.292365522045581,0,0
2025-03-10,NEAR,NEAR,143585021,3034459171.363304,2.5540037421665445,0,0
2025-03-09,NEAR,NEAR,159356562,3429169086.659287,2.8810356797285275,0,0
2025-03-08,NEAR,NEAR,160822236,3500698559.0110893,2.94370002440564,0,0
2025-03-07,NEAR,NEAR,166061064,3643863177.579726,3.06341556019784,0,0
2025-03-06,NEAR,NEAR,162849734,3571472561.75094,2.998056802687052,0,0
2025-03-05,NEAR,NEAR,154958068,3344858289.068494,2.8150975758943724,0,0
2025-03-04,NEAR,NEAR,160833280,3537567933.5061164,2.973237849941758,0,0
2025-03-03,NEAR,NEAR,183883734,4210336746.846691,3.5443109619920445,0,0
2025-03-02,NEAR,NEAR,172486092,3879277999.4291134,3.265432984041269,0,0
2025-03-01,NEAR,NEAR,163780942,3640935701.816293,3.065367823717868,0,0
2025-02-28,NEAR,NEAR,163300840,3629529860.104406,3.0560575573379065,0,0
2025-02-27,NEAR,NEAR,163693077,3566899171.9915385,3.003960025898344,0,0
2025-02-26,NEAR,NEAR,162310937,3570043196.1639047,3.0048959141420264,0,0
2025-02-25,NEAR,NEAR,166001081,3622198490.698361,3.056396128734989,0,0
2025-02-24,NEAR,NEAR,180478955,4065939360.7349486,3.427808754205864,0,0
2025-02-23,NEAR,NEAR,182050209,4130852744.791807,3.475132450978279,0,0
2025-02-22,NEAR,NEAR,174569441,3921853562.004308,3.306129139785969,0,0
2025-02-21,NEAR,NEAR,181768103,4117146848.1072073,3.469227914173061,0,0
2025-02-20,NEAR,NEAR,168736111,3741022795.674178,3.155782054712383,0,0
2025-02-19,NEAR,NEAR,167644792,3708533287.66952,3.132166421584429,0,0
2025-02-18,NEAR,NEAR,172849066,3855766484.942177,3.2539884659640976,0,0
2025-02-17,NEAR,NEAR,180805080,4045550530.036336,3.4161176842488183,0,0
2025-02-16,NEAR,NEAR,179013536,4033205559.5709023,3.405836649539179,0,0
2025-02-15,NEAR,NEAR,185120058,4200094308.051368,3.5476878023441447,0,0
2025-02-14,NEAR,NEAR,176996153,3993398666.3229537,3.371582277610597,0,0
2025-02-13,NEAR,NEAR,178255645,4052651599.38118,3.426221301375473,0,0
2025-02-12,NEAR,NEAR,172083333,3797825450.713032,3.2042354456337394,0,0
2025-02-11,NEAR,NEAR,170871276,3775664388.575752,3.2017433915783275,0,0
2025-02-10,NEAR,NEAR,169241417,3742362957.653442,3.1837604274290734,0,0
2025-02-09,NEAR,NEAR,172498983,3878288498.5002456,3.2889865533321663,0,0
2025-02-08,NEAR,NEAR,169138179,3758806962.7489705,3.1987838431603897,0,0
2025-02-07,NEAR,NEAR,167852538,3695242278.177289,3.1449500294740056,0,0
2025-02-06,NEAR,NEAR,172425177,3867287226.431639,3.282637128978954,0,0
2025-02-05,NEAR,NEAR,179050079,4011417624.357376,3.412295778960433,0,0
2025-02-04,NEAR,NEAR,189796381,4434369634.926128,3.76527950116436,0,0
2025-02-03,NEAR,NEAR,192344873,4377839026.174044,3.722307582230857,0,0
2025-02-02,NEAR,NEAR,218447385,5051368893.199312,4.271633489592573,0,0
2025-02-01,NEAR,NEAR,228331554,5429949632.693556,4.615570882440713,0,0
2025-01-31,NEAR,NEAR,229531038,5425448707.647441,4.604663439144473,0,0
2025-01-30,NEAR,NEAR,221866634,5197772367.246116,4.413154034895056,0,0
2025-01-29,NEAR,NEAR,216044213,5042053717.313884,4.283252965732526,0,0
2025-01-28,NEAR,NEAR,228383159,5442318825.713845,4.627012548048246,0,0
2025-01-27,NEAR,NEAR,238697459,5601822780.204297,4.758221099153712,0,0
2025-01-26,NEAR,NEAR,243668283,5820155833.871349,4.940479473939428,0,0
2025-01-25,NEAR,NEAR,241130904,5868072828.164839,4.990083771801746,0,0
2025-01-24,NEAR,NEAR,238466960,5871674064.48229,4.987677789813818,0,0
2025-01-23,NEAR,NEAR,243250791,5992121296.224286,5.086978683348866,0,0
2025-01-22,NEAR,NEAR,245382443,6176817838.42668,5.251906995508171,0,0
2025-01-21,NEAR,NEAR,243909131,5984002462.362691,5.07873172421098,0,0
2025-01-20,NEAR,NEAR,250350090,5882923197.558522,4.976661348876277,0,0
2025-01-19,NEAR,NEAR,254489516,6416303844.813205,5.456499677417637,0,0
2025-01-18,NEAR,NEAR,264491927,6764829626.931999,5.756963092498235,0,0
2025-01-17,NEAR,NEAR,248970556,6063836161.259048,5.161675953948673,0,0
2025-01-16,NEAR,NEAR,252690963,6253167606.251648,5.319546553503939,0,0
2025-01-15,NEAR,NEAR,241327715,5919832919.022374,5.044151707783146,0,0
2025-01-14,NEAR,NEAR,226392500,5581533740.612521,4.753539649995699,0,0
2025-01-13,NEAR,NEAR,239934576,5834390722.46104,4.968158395583895,0,0
2025-01-12,NEAR,NEAR,244578556,5949687053.285938,5.084483043511435,0,0
2025-01-11,NEAR,NEAR,243346027,5949060168.0119095,5.08602694909658,0,0
2025-01-10,NEAR,NEAR,240239801,5815664678.952557,4.980085898504754,0,0
2025-01-09,NEAR,NEAR,244801860,6041410376.999629,5.157121665241704,0,0
2025-01-08,NEAR,NEAR,258345891,6294741551.575492,5.381633858122106,0,0
2025-01-07,NEAR,NEAR,285410397,6998402703.421019,6.000768383674265,0,0
2025-01-06,NEAR,NEAR,277286753,6920120183.679224,5.9103480471391805,0,0
2025-01-05,NEAR,NEAR,275468501,6772980745.237954,5.796286791762489,0,0
2025-01-04,NEAR,NEAR,270125736,6767365224.152678,5.793263414075419,0,0
2025-01-03,NEAR,NEAR,253922304,6347115841.326712,5.430404952436713,0,0
2025-01-02,NEAR,NEAR,244674212,6160573286.723639,5.275638438422595,0,0
2025-01-01,NEAR,NEAR,237442988,5730669350.498929,4.905765520714505,0,0
2024-12-31,NEAR,NEAR,246791644,5868109463.185765,5.031031638665378,0,0
2024-12-30,NEAR,NEAR,243819873,5987167981.671378,5.1313585743772805,0,0
2024-12-29,NEAR,NEAR,248198382,6484130793.902003,5.323719544322689,0,0
2024-12-28,NEAR,NEAR,242570495,6218148991.959973,5.105946967104474,0,0
2024-12-27,NEAR,NEAR,241318538,6194102699.491447,5.084140149339145,0,0
2024-12-26,NEAR,NEAR,256479242,6626442437.755816,5.440135056415582,0,0
2024-12-25,NEAR,NEAR,258336013,6761119325.804467,5.557249337040812,0,0
2024-12-24,NEAR,NEAR,255274629,6608625081.097747,5.426203786916072,0,0
2024-12-23,NEAR,NEAR,238294920,6135813275.280116,5.028517245617773,0,0
2024-12-22,NEAR,NEAR,239883264,6090829392.689892,5.00690986864453,0,0
2024-12-21,NEAR,NEAR,248604798,6501852800.243796,5.3461098202105575,0,0
2024-12-20,NEAR,NEAR,249461976,6378749137.612752,5.232871215071156,0,0
2024-12-19,NEAR,NEAR,281831369,6946257430.975659,5.705664515211184,0,0
2024-12-18,NEAR,NEAR,303463770,7766564760.96051,6.372814834340544,0,0
2024-12-17,NEAR,NEAR,304779246,8080112388.109154,6.626505827078877,0,0
2024-12-16,NEAR,NEAR,310061089,8392534589.874371,6.883218698167417,0,0
2024-12-15,NEAR,NEAR,302565387,8141905776.5344305,6.680542544759564,0,0
2024-12-14,NEAR,NEAR,310481020,8381438411.993259,6.882060848817472,0,0
2024-12-13,NEAR,NEAR,320830029,8396025300.668683,6.8991530066584925,0,0
2024-12-12,NEAR,NEAR,313754748,8329682983.440949,6.839347144477605,0,0
2024-12-11,NEAR,NEAR,295579816,7820839558.001606,6.426109055926839,0,0
2024-12-10,NEAR,NEAR,315303181,7953419678.085521,6.530404371004694,0,0
2024-12-09,NEAR,NEAR,344254386,9586819808.979258,7.879074942777348,0,0
2024-12-08,NEAR,NEAR,348148559,9469483317.603174,7.764209358659047,0,0
2024-12-07,NEAR,NEAR,357614385,9773034191.644297,8.024071530925562,0,0
2024-12-06,NEAR,NEAR,342314270,9341940370.40092,7.663688779133932,0,0
2024-12-05,NEAR,NEAR,337510505,9091521804.590822,7.468331046061749,0,0
2024-12-04,NEAR,NEAR,327142525,8977827949.54165,7.37744982268336,0,0
2024-12-03,NEAR,NEAR,318195070,9030410509.02393,7.418142287902175,0,0
2024-12-02,NEAR,NEAR,315982758,8435236601.450998,6.927567275119838,0,0
2024-12-01,NEAR,NEAR,324744031,8545569984.792896,7.012871949210284,0,0
2024-11-30,NEAR,NEAR,317966092,8512670091.196989,6.98465140757466,0,0
2024-11-29,NEAR,NEAR,311050247,8596003382.370468,7.056204388513637,0,0
2024-11-28,NEAR,NEAR,308289476,8324847837.216614,6.83410973025642,0,0
2024-11-27,NEAR,NEAR,288181668,7968357271.717298,6.5485261224321,0,0
2024-11-26,NEAR,NEAR,302345041,7850359181.957732,6.457204751496764,0,0
2024-11-25,NEAR,NEAR,302012530,8460464679.58602,6.916918944553975,0,0
2024-11-24,NEAR,NEAR,286218106,7538538755.081155,6.189164004316125,0,0
2024-11-23,NEAR,NEAR,270300222,7510193781.766911,6.163688754953429,0,0
2024-11-22,NEAR,NEAR,271507444,7053327565.8630905,5.791355546489615,0,0
2024-11-21,NEAR,NEAR,260342412,6700099732.911576,5.500540868834834,0,0
2024-11-20,NEAR,NEAR,271978250,7044196628.048076,5.78585076523471,0,0
2024-11-19,NEAR,NEAR,280919156,7342636901.623733,6.026332357310205,0,0
2024-11-18,NEAR,NEAR,268968306,6946540080.037998,5.700626388210676,0,0
2024-11-17,NEAR,NEAR,275893316,7252849679.436468,5.964793996970496,0,0
2024-11-16,NEAR,NEAR,263002177,6790357674.113467,5.570542366005661,0,0
2024-11-15,NEAR,NEAR,256515248,6582152402.236045,5.416172256825466,0,0
2024-11-14,NEAR,NEAR,246861909,6301492821.201755,5.168451313177995,0,0
2024-11-13,NEAR,NEAR,253404246,6542034450.441445,5.400547743305076,0,0
2024-11-12,NEAR,NEAR,259165999,6778988791.936173,5.553880671588042,0,0
2024-11-11,NEAR,NEAR,231469036,5737677593.124804,4.717566146158925,0,0
2024-11-10,NEAR,NEAR,222990138,5664867325.135181,4.641237452540493,0,0
2024-11-09,NEAR,NEAR,212398929,5284946688.532991,4.338857201050929,0,0
2024-11-08,NEAR,NEAR,212127745,5155123619.8539095,4.232680662183363,0,0
2024-11-07,NEAR,NEAR,210341788,5159952037.81245,4.231828895540858,0,0
2024-11-06,NEAR,NEAR,196387077,4647783063.482525,3.8090892822687024,0,0
2024-11-05,NEAR,NEAR,189285251,4396818321.342071,3.61726714376828,0,0
2024-11-04,NEAR,NEAR,190356324,4503098270.241831,3.694497650401856,0,0
2024-11-03,NEAR,NEAR,195748634,4632513601.499393,3.80438106396972,0,0
2024-11-02,NEAR,NEAR,202964468,4785029081.592187,3.9278815757059977,0,0
2024-11-01,NEAR,NEAR,207535879,4933165284.459683,4.051845397609572,0,0
2024-10-31,NEAR,NEAR,131671778,5263312739.733482,4.319566549890693,0,0
2024-10-30,NEAR,NEAR,220328344,5378614444.491765,4.428234972663224,0,0
2024-10-29,NEAR,NEAR,213798958,5242408490.783112,4.301525315350402,0,0
2024-10-28,NEAR,NEAR,214598698,5234346533.268541,4.3023862609682935,0,0
2024-10-27,NEAR,NEAR,210925046,5146728138.745082,4.231548347157322,0,0
2024-10-26,NEAR,NEAR,218539365,5021996902.695875,4.141362756654739,0,0
2024-10-25,NEAR,NEAR,225290298,5726550876.798016,4.713072592627256,0,0
2024-10-24,NEAR,NEAR,221749716,5660491529.102226,4.654770798261131,0,0
2024-10-23,NEAR,NEAR,224368284,5686289907.100994,4.678529001466305,0,0
2024-10-22,NEAR,NEAR,230140260,5813295851.870452,4.78280679692184,0,0
2024-10-21,NEAR,NEAR,231978607,6031487726.586039,4.964117318268263,0,0
2024-10-20,NEAR,NEAR,229245176,5875672308.522544,4.831107102824231,0,0
2024-10-19,NEAR,NEAR,232049619,5944290009.985124,4.891501715050515,0,0
2024-10-18,NEAR,NEAR,233369980,5788526925.980203,4.765788758111821,0,0
2024-10-17,NEAR,NEAR,246416189,6009106631.2168455,4.949966243785593,0,0
2024-10-16,NEAR,NEAR,246910879,6143994957.287267,5.0573007195396205,0,0
2024-10-15,NEAR,NEAR,249042237,6104474580.195874,5.021621142408228,0,0
2024-10-14,NEAR,NEAR,230368025,5688715684.751021,4.685151884985046,0,0
2024-10-13,NEAR,NEAR,240863419,5877767846.988872,4.844774392913631,0,0
2024-10-12,NEAR,NEAR,238305547,5231524381.279697,4.729267778060596,0,0
2024-10-11,NEAR,NEAR,226861707,5076399470.70252,4.586354105615617,0,0
2024-10-10,NEAR,NEAR,227780100,5101598013.355106,4.607016970766347,0,0
2024-10-09,NEAR,NEAR,241294646,5417254036.7766,4.892868410782296,0,0
2024-10-08,NEAR,NEAR,252152838,5593932363.832672,5.0522795067788415,0,0
2024-10-07,NEAR,NEAR,237156193,5486261593.348372,4.954682775097982,0,0
2024-10-06,NEAR,NEAR,231978130,5293345179.416819,4.780997201383856,0,0
2024-10-05,NEAR,NEAR,235215096,5341058776.957424,4.824112854750934,0,0
2024-10-04,NEAR,NEAR,225009083,5121690577.485871,4.627796843239543,0,0
2024-10-03,NEAR,NEAR,229902338,5124416567.672754,4.630983657817767,0,0
2024-10-02,NEAR,NEAR,236992729,5362608942.996704,4.840727991149853,0,0
2024-10-01,NEAR,NEAR,255189781,5845113482.661783,5.28073635232926,0,0
2024-09-30,NEAR,NEAR,261775959,6071180600.973379,5.490225147639388,0,0
2024-09-29,NEAR,NEAR,261539574,6166584507.550172,5.571134475059085,0,0
2024-09-28,NEAR,NEAR,257981035,6048318941.317708,5.461138322105037,0,0
2024-09-27,NEAR,NEAR,267639491,6155986535.446259,5.5534229866217055,0,0
2024-09-26,NEAR,NEAR,251292457,5687655029.305322,5.145816675553832,0,0
2024-09-25,NEAR,NEAR,247564363,5924680537.022204,5.353332927474311,0,0
2024-09-24,NEAR,NEAR,245542039,5706779489.481419,5.168537682843755,0,0
2024-09-23,NEAR,NEAR,220602550,5003166929.115171,4.52158214427476,0,0
2024-09-22,NEAR,NEAR,219321651,5168163211.171831,4.667764221187151,0,0
2024-09-21,NEAR,NEAR,213119723,4850075688.444522,4.380289626746079,0,0
2024-09-20,NEAR,NEAR,216031025,4844003269.934899,4.369223605080805,0,0
2024-09-19,NEAR,NEAR,202130553,4670712228.02194,4.236871345876309,0,0
2024-09-18,NEAR,NEAR,205691291,4573260844.413329,4.130453614306738,0,0
2024-09-17,NEAR,NEAR,194123198,4295163307.994567,3.879141504505255,0,0
2024-09-16,NEAR,NEAR,202471015,4454401899.102974,4.024748036087019,0,0
2024-09-15,NEAR,NEAR,207161726,4647748634.214499,4.194066666219857,0,0
2024-09-14,NEAR,NEAR,209933665,4748945567.515139,4.291263807658288,0,0
2024-09-13,NEAR,NEAR,208942474,4709306048.995818,4.252546445076893,0,0
2024-09-12,NEAR,NEAR,198066586,4402941265.529329,3.973362815097528,0,0
2024-09-11,NEAR,NEAR,200587211,4475777779.804889,4.042487572620123,0,0
2024-09-10,NEAR,NEAR,200478120,4457409012.19806,4.019201015902596,0,0
2024-09-09,NEAR,NEAR,188651886,4149115791.8605833,3.748547919537813,0,0
2024-09-08,NEAR,NEAR,187218582,4050638793.031235,3.66024013069088,0,0
2024-09-07,NEAR,NEAR,181158042,3930553525.903181,3.545500923406473,0,0
2024-09-06,NEAR,NEAR,189265534,4106184939.937024,3.704093483838169,0,0
2024-09-05,NEAR,NEAR,194118370,4291513441.2618494,3.885096058641772,0,0
2024-09-04,NEAR,NEAR,191505241,4129801966.5570703,3.719782675362257,0,0
2024-09-03,NEAR,NEAR,202213707,4416987565.300985,3.989393917990474,0,0
2024-09-02,NEAR,NEAR,199705510,4265915853.323301,3.853097480256201,0,0
2024-09-01,NEAR,NEAR,201393854,4468091040.251119,4.036174295449884,0,0
2024-08-31,NEAR,NEAR,203433716,4562169734.234076,4.1196697256179045,0,0
2024-08-30,NEAR,NEAR,207814371,4662964258.352966,4.212247045837649,0,0
2024-08-29,NEAR,NEAR,219296649,4840039143.386664,4.34600186149633,0,0
2024-08-28,NEAR,NEAR,228262769,5020575469.334733,4.52763276052687,0,0
2024-08-27,NEAR,NEAR,228483377,5294066232.460244,4.778894120060637,0,0
2024-08-26,NEAR,NEAR,235400448,5449456192.522666,4.9145655434867965,0,0
2024-08-25,NEAR,NEAR,241738799,5568902713.703585,5.047905382036819,0,0
2024-08-24,NEAR,NEAR,232233913,5347765517.388537,4.830584441354943,0,0
2024-08-23,NEAR,NEAR,206682436,4754461745.42588,4.300735289705485,0,0
2024-08-22,NEAR,NEAR,204551583,4694763602.464815,4.239100262432522,0,0
2024-08-21,NEAR,NEAR,198980908,4433527404.29862,4.003351900340984,0,0
2024-08-20,NEAR,NEAR,193768834,4434513514.90128,4.001426347904699,0,0
2024-08-19,NEAR,NEAR,196321937,4324541942.395138,3.902990597533656,0,0
2024-08-18,NEAR,NEAR,197177000,4414230970.153281,3.9862538013044055,0,0
2024-08-17,NEAR,NEAR,196525231,4393634146.563264,3.968211133150421,0,0
2024-08-16,NEAR,NEAR,200456349,4457955934.3957,4.026400953479534,0,0
2024-08-15,NEAR,NEAR,202973167,4611212446.347501,4.166011164710542,0,0
2024-08-14,NEAR,NEAR,208629911,4776508736.489417,4.31483558357616,0,0
2024-08-13,NEAR,NEAR,196412926,4535054330.953019,4.114146789225971,0,0
2024-08-12,NEAR,NEAR,194335343,4278379602.3599534,3.86420861125552,0,0
2024-08-11,NEAR,NEAR,201911328,4618668611.829165,4.16877606587299,0,0
2024-08-10,NEAR,NEAR,196826680,4487977941.10703,4.05370038722795,0,0
2024-08-09,NEAR,NEAR,191912269,4505502434.928801,4.0693446877600845,0,0
2024-08-08,NEAR,NEAR,178179093,3967663541.822308,3.570968665860585,0,0
2024-08-07,NEAR,NEAR,184457805,4061337189.128245,3.6661569080926815,0,0
2024-08-06,NEAR,NEAR,177131150,3909015237.837303,3.526233311031531,0,0
2024-08-05,NEAR,NEAR,202762303,4582705507.565492,4.128519486334803,0,0
2024-08-04,NEAR,NEAR,208150651,4835727912.698714,4.368394406273223,0,0
2024-08-03,NEAR,NEAR,218394371,5089866009.631554,4.59713861147477,0,0
2024-08-02,NEAR,NEAR,229232173,5510368342.586721,4.979405717334493,0,0
2024-08-01,NEAR,NEAR,234734210,5531810566.456713,4.996300472016383,0,0
2024-07-31,NEAR,NEAR,236203563,5705233121.506074,5.151616508042411,0,0
2024-07-30,NEAR,NEAR,242773174,5844180192.616737,5.271461067662905,0,0
2024-07-29,NEAR,NEAR,246938187,6019637502.457678,5.445970378194876,0,0
2024-07-28,NEAR,NEAR,254780034,6292377293.459849,5.684497063950156,0,0
2024-07-27,NEAR,NEAR,254343190,6339447377.1433325,5.728954189102012,0,0
2024-07-26,NEAR,NEAR,243257927,5985162967.033665,5.419281003541149,0,0
2024-07-25,NEAR,NEAR,253919208,6190024991.14078,5.60551002561346,0,0
2024-07-24,NEAR,NEAR,255820220,6374913941.88684,5.7694450216571385,0,0
2024-07-23,NEAR,NEAR,221343224,6657674020.612559,6.04052884970355,0,0
2024-07-22,NEAR,NEAR,274589879,6962407845.777143,6.328218735835256,0,0
2024-07-21,NEAR,NEAR,276571390,6944170630.006739,6.2914018983521744,0,0
2024-07-20,NEAR,NEAR,277718472,7099863935.656575,6.434409734822292,0,0
2024-07-19,NEAR,NEAR,268694948,6655956005.646794,6.0338143984846,0,0
2024-07-18,NEAR,NEAR,271886752,6709517607.2445,6.070336511847082,0,0
2024-07-17,NEAR,NEAR,290074393,6884317105.215007,6.249073311235653,0,0
2024-07-16,NEAR,NEAR,275808246,6511137462.18788,5.924429135913468,0,0
2024-07-15,NEAR,NEAR,257440320,5975290200.774332,5.405256780791149,0,0
2024-07-14,NEAR,NEAR,245603017,5727996842.583777,5.206457149215905,0,0
2024-07-13,NEAR,NEAR,246161260,5883513793.065985,5.18091558392984,0,0
2024-07-12,NEAR,NEAR,237717187,5405643900.658486,4.929987002309093,0,0
2024-07-11,NEAR,NEAR,225635697,5077468108.831404,4.624995806243065,0,0
2024-07-10,NEAR,NEAR,221976064,4967702111.713391,4.527306835354065,0,0
2024-07-09,NEAR,NEAR,224811213,4900495522.781779,4.475334282929276,0,0
2024-07-08,NEAR,NEAR,226096943,4800083913.878786,4.400622751336271,0,0
2024-07-07,NEAR,NEAR,238753637,5268462917.915334,4.814942255828223,0,0
2024-07-06,NEAR,NEAR,224835741,4831663256.451976,4.415373779031634,0,0
2024-07-05,NEAR,NEAR,243021632,5094079317.890572,4.635634040532694,0,0
2024-07-04,NEAR,NEAR,238866773,5500141767.9169855,5.034115439934857,0,0
2024-07-03,NEAR,NEAR,256792501,6032737838.255496,5.508653356360621,0,0
2024-07-02,NEAR,NEAR,248784846,5750629266.257019,5.257388712161778,0,0
2024-07-01,NEAR,NEAR,242067419,5791122702.350129,5.30228033013141,0,0
2024-06-30,NEAR,NEAR,231061148,5409982370.707967,4.950670915906555,0,0
2024-06-29,NEAR,NEAR,229008848,5412243817.099397,4.957402611086128,0,0
2024-06-28,NEAR,NEAR,243453833,5697524116.386887,5.209596875145578,0,0
2024-06-27,NEAR,NEAR,241318330,5642927402.660389,5.169087676941801,0,0
2024-06-26,NEAR,NEAR,249776665,5908536129.429429,5.416039133549963,0,0
2024-06-25,NEAR,NEAR,246272474,5858385105.069687,5.3824064471172886,0,0
2024-06-24,NEAR,NEAR,237459465,5634675299.2378,5.182797607373863,0,0
2024-06-23,NEAR,NEAR,237447068,5631677272.146017,5.172866304874715,0,0
2024-06-22,NEAR,NEAR,244248168,5895769356.865034,5.40715397330504,0,0
2024-06-21,NEAR,NEAR,239474455,5622001417.309965,5.157588908692236,0,0
2024-06-20,NEAR,NEAR,227101353,5390004723.36587,4.953841351085146,0,0
2024-06-19,NEAR,NEAR,213331466,5133910359.3801775,4.730083979932092,0,0
2024-06-18,NEAR,NEAR,230926598,5606865725.779024,5.159026461629347,0,0
2024-06-17,NEAR,NEAR,246239461,6132727898.159101,5.640006550323531,0,0
2024-06-16,NEAR,NEAR,248056707,6094960233.149306,5.600614471712177,0,0
2024-06-15,NEAR,NEAR,246784066,6076921509.377908,5.579389909311242,0,0
2024-06-14,NEAR,NEAR,258754099,6431903600.993085,5.910628180317743,0,0
2024-06-13,NEAR,NEAR,279469374,6922650893.216093,6.394021116712804,0,0
2024-06-12,NEAR,NEAR,271994290,6570981506.197857,6.065993440449659,0,0
2024-06-11,NEAR,NEAR,281118863,6926962485.788811,6.392628371499576,0,0
2024-06-10,NEAR,NEAR,291522041,7143768079.417922,6.593388527244716,0,0
2024-06-09,NEAR,NEAR,288907964,7115131331.473007,6.570917546857456,0,0
2024-06-08,NEAR,NEAR,301337884,7464391566.776935,6.880938620213867,0,0
2024-06-07,NEAR,NEAR,318069140,7943561846.653679,7.3400250547679615,0,0
2024-06-06,NEAR,NEAR,329087919,8290102111.49263,7.660888961799466,0,0
2024-06-05,NEAR,NEAR,326563676,8039126851.447723,7.42548642718484,0,0
2024-06-04,NEAR,NEAR,316295691,7693986407.91639,7.118196268833884,0,0
2024-06-03,NEAR,NEAR,317062274,7780366592.8543825,7.187356898352766,0,0
2024-06-02,NEAR,NEAR,324015749,7955048464.188785,7.369172594759266,0,0
2024-06-01,NEAR,NEAR,321839719,7860058543.051555,7.253502159777482,0,0
2024-05-31,NEAR,NEAR,323829241,7872822127.585438,7.285282781195592,0,0
2024-05-30,NEAR,NEAR,337738933,8187669048.929169,7.568039430292198,0,0
2024-05-29,NEAR,NEAR,342186776,8326732948.498296,7.706331725480357,0,0
2024-05-28,NEAR,NEAR,351923040,8424686878.530043,7.812369793912107,0,0
2024-05-27,NEAR,NEAR,349754403,8447471165.065526,7.802987212655486,0,0
2024-05-26,NEAR,NEAR,363508080,8835045331.08141,8.202869335577583,0,0
2024-05-25,NEAR,NEAR,354086667,8544188136.112618,7.905798662020202,0,0
2024-05-24,NEAR,NEAR,344652487,8296691644.698925,7.686948428863904,0,0
2024-05-23,NEAR,NEAR,358709443,8599642999.976686,7.9730943711409825,0,0
2024-05-22,NEAR,NEAR,348610872,8453903420.372875,7.8166511818032065,0,0
2024-05-21,NEAR,NEAR,360601182,8909869547.513758,8.275441668918424,0,0
2024-05-20,NEAR,NEAR,356443693,8388458332.58052,7.788646224437316,0,0
2024-05-19,NEAR,NEAR,355503202,9134546589.393766,7.920930782380168,0,0
2024-05-18,NEAR,NEAR,358657967,8650079561.211725,8.043907006742579,0,0
2024-05-17,NEAR,NEAR,361119754,8644075277.114164,8.015337292089766,0,0
2024-05-16,NEAR,NEAR,353442219,8688228609.151758,8.043095886103877,0,0
2024-05-15,NEAR,NEAR,318017640,7553462102.885522,7.021420516681769,0,0
2024-05-14,NEAR,NEAR,324772387,7792087093.482327,7.270537654852623,0,0
2024-05-13,NEAR,NEAR,307980224,7375887908.963699,6.887879195838985,0,0
2024-05-12,NEAR,NEAR,315338654,7516262649.732277,7.013119712929726,0,0
2024-05-11,NEAR,NEAR,320633181,7756855048.817468,7.272388190320027,0,0
2024-05-10,NEAR,NEAR,325920554,7987655829.891829,7.468631164158782,0,0
2024-05-09,NEAR,NEAR,305694773,7305878924.441791,6.829579324779596,0,0
2024-05-08,NEAR,NEAR,322032617,7650083210.380479,7.131611501563608,0,0
2024-05-07,NEAR,NEAR,322977152,7827256061.689949,7.310010309233275,0,0
2024-05-06,NEAR,NEAR,324500003,7975690012.441359,7.488788481436134,0,0
2024-05-05,NEAR,NEAR,304110151,7365546000.305231,6.877598440591132,0,0
2024-05-04,NEAR,NEAR,302490348,7352239262.549602,6.875174402685498,0,0
2024-05-03,NEAR,NEAR,276725540,6504058241.936792,6.090916765256146,0,0
2024-05-02,NEAR,NEAR,274258336,6580570902.734056,6.155353617878096,0,0
2024-05-01,NEAR,NEAR,275999516,6629602145.156834,6.1811852795240645,0,0
2024-04-30,NEAR,NEAR,291953234,7338690970.372146,6.867665090237169,0,0
2024-04-29,NEAR,NEAR,310676415,7529757488.525052,7.05171765726504,0,0
2024-04-28,NEAR,NEAR,309297464,7664327096.39977,7.172017240693182,0,0
2024-04-27,NEAR,NEAR,299378451,7380919803.145199,6.919639661948218,0,0
2024-04-26,NEAR,NEAR,305291225,7617092738.496791,7.14887211273682,0,0
2024-04-25,NEAR,NEAR,298919020,7301623533.162544,6.881542756570473,0,0
2024-04-24,NEAR,NEAR,297116307,7349190217.481511,6.894958700241025,0,0
2024-04-23,NEAR,NEAR,302790576,7486378935.930802,7.0276796227964695,0,0
2024-04-22,NEAR,NEAR,277642572,6854018818.156594,6.437668973275429,0,0
2024-04-21,NEAR,NEAR,269611810,6612415802.474115,6.213206921609371,0,0
2024-04-20,NEAR,NEAR,251039881,5963237145.885643,5.601417872860398,0,0
2024-04-19,NEAR,NEAR,249733248,6093254420.033834,5.703475180579413,0,0
2024-04-18,NEAR,NEAR,241049052,5785963725.278858,5.425328645157629,0,0
2024-04-17,NEAR,NEAR,240363920,5863719014.900907,5.49721203490012,0,0
2024-04-16,NEAR,NEAR,233411339,5558608466.050918,5.2224768705826605,0,0
2024-04-15,NEAR,NEAR,236693087,6083470311.467682,5.702620436557347,0,0
2024-04-14,NEAR,NEAR,220750745,5602750108.675998,5.251545408612759,0,0
2024-04-13,NEAR,NEAR,248934821,6150009657.946474,5.795806434828134,0,0
2024-04-12,NEAR,NEAR,286716114,7227701092.508442,6.812157466897085,0,0
2024-04-11,NEAR,NEAR,295818179,7410008908.379449,6.980439934708891,0,0
2024-04-10,NEAR,NEAR,304215873,7666035366.679334,7.207719014626063,0,0
2024-04-09,NEAR,NEAR,307085067,7794965704.623861,7.356203795562418,0,0
2024-04-08,NEAR,NEAR,287797358,7333558113.463196,6.914666014170871,0,0
2024-04-07,NEAR,NEAR,289984977,7455262279.920818,7.021177438278128,0,0
2024-04-06,NEAR,NEAR,300710416,7657124103.69563,7.22504583200306,0,0
2024-04-05,NEAR,NEAR,280397724,6976455087.45736,6.7250594887891575,0,0
2024-04-04,NEAR,NEAR,277105485,6893085210.022876,6.623158689194412,0,0
2024-04-03,NEAR,NEAR,264197300,6474688326.138089,6.223525631093644,0,0
2024-04-02,NEAR,NEAR,274601584,7052479322.476285,6.766535273659708,0,0
2024-04-01,NEAR,NEAR,287110762,7566825900.917762,7.279970934850343,0,0
2024-03-31,NEAR,NEAR,275921517,7213643004.239351,6.9451635839667984,0,0
2024-03-30,NEAR,NEAR,274140331,7246703217.694491,6.974549807356955,0,0
2024-03-29,NEAR,NEAR,281297584,7486486966.92346,7.195891177427947,0,0
2024-03-28,NEAR,NEAR,275541053,7518465062.152776,7.262033292846478,0,0
2024-03-27,NEAR,NEAR,296274251,7945106559.039807,7.666950967097799,0,0
2024-03-26,NEAR,NEAR,286382172,7726676582.463813,7.457378920724676,0,0
2024-03-25,NEAR,NEAR,269018196,7249259466.297204,6.96338581399405,0,0
2024-03-24,NEAR,NEAR,254480443,6903928711.736258,6.643301763055092,0,0
2024-03-23,NEAR,NEAR,247564627,6695040045.943986,6.455836406081842,0,0
2024-03-22,NEAR,NEAR,247148710,6716254744.708106,6.459194784758364,0,0
2024-03-21,NEAR,NEAR,249915766,7161398733.67246,6.889909321545317,0,0
2024-03-20,NEAR,NEAR,234012820,6619985308.181377,6.362292132576059,0,0
2024-03-19,NEAR,NEAR,253002691,7288233766.22852,7.014727714066287,0,0
2024-03-18,NEAR,NEAR,287241326,8471929770.746487,8.170118499930599,0,0
2024-03-17,NEAR,NEAR,239976605,6991675653.008676,6.720908763828936,0,0
2024-03-16,NEAR,NEAR,258077480,7779684627.580874,7.496166193535242,0,0
2024-03-15,NEAR,NEAR,292691161,9155794330.016031,8.815939885339905,0,0
2024-03-14,NEAR,NEAR,255607332,8059358124.26232,7.760534360870983,0,0
2024-03-13,NEAR,NEAR,262929472,8249149988.241983,7.981477607528949,0,0
2024-03-12,NEAR,NEAR,224589561,6934285012.451707,6.664863848152107,0,0
2024-03-11,NEAR,NEAR,199253485,6182036584.269601,5.958380373518584,0,0
2024-03-10,NEAR,NEAR,207900663,6452583271.053504,6.22192554071648,0,0
2024-03-09,NEAR,NEAR,191775379,5963811270.978079,5.747672532036103,0,0
2024-03-08,NEAR,NEAR,184082025,5743429286.098963,5.528385203614067,0,0
2024-03-07,NEAR,NEAR,194395397,6052196290.645202,5.8463939652913455,0,0
2024-03-06,NEAR,NEAR,147258075,4415426571.576805,4.273295433972938,0,0
2024-03-05,NEAR,NEAR,142367498,4522113087.246162,4.346338841428037,0,0
2024-03-04,NEAR,NEAR,150578257,4582921994.529841,4.42352204486953,0,0
2024-03-03,NEAR,NEAR,149460271,4616794946.332359,4.451860095617021,0,0
2024-03-02,NEAR,NEAR,135368780,4108209059.125723,3.9538898103642266,0,0
2024-03-01,NEAR,NEAR,133167594,4033499814.5773935,3.8686558772585737,0,0
2024-02-29,NEAR,NEAR,133832696,4035241762.969722,3.88340589769446,0,0
2024-02-28,NEAR,NEAR,136170629,4114679598.374281,3.965721392461687,0,0
2024-02-27,NEAR,NEAR,140366086,4254965033.3672967,4.094397328068344,0,0
2024-02-26,NEAR,NEAR,127663975,3853776441.955305,3.7095121498175896,0,0
2024-02-25,NEAR,NEAR,132202398,4001882768.8233857,3.85526635771352,0,0
2024-02-24,NEAR,NEAR,116799280,3513141981.4404325,3.366054054336958,0,0
2024-02-23,NEAR,NEAR,113569395,3378781233.2698,3.2504068980618435,0,0
2024-02-22,NEAR,NEAR,112581434,3369589587.1924906,3.239037262360886,0,0
2024-02-21,NEAR,NEAR,116689183,3537754243.0177374,3.403449775634928,0,0
2024-02-20,NEAR,NEAR,121567921,3674832668.44517,3.536658498631194,0,0
2024-02-19,NEAR,NEAR,121242280,3653752566.128618,3.512651470796397,0,0
2024-02-18,NEAR,NEAR,113483214,3474004376.991269,3.3321882784130388,0,0
2024-02-17,NEAR,NEAR,111838662,3416310831.677436,3.284490613791471,0,0
2024-02-16,NEAR,NEAR,115225611,3514714444.8256574,3.386965078104778,0,0
2024-02-15,NEAR,NEAR,113670070,3466505080.016561,3.333412685318279,0,0
2024-02-14,NEAR,NEAR,109969041,3338125118.6100297,3.2181223550245,0,0
2024-02-13,NEAR,NEAR,116001595,3508340759.071485,3.3943535960319755,0,0
2024-02-12,NEAR,NEAR,108398662,3225954005.601057,3.119912606709805,0,0
2024-02-11,NEAR,NEAR,104165845,3151255404.3620534,3.046725194772567,0,0
2024-02-10,NEAR,NEAR,102947700,3104222500.359928,2.9939083620385007,0,0
2024-02-09,NEAR,NEAR,100808158,3029367136.9267974,2.927361983027836,0,0
2024-02-08,NEAR,NEAR,97436938,2957225991.075776,2.8636535922425352,0,0
2024-02-07,NEAR,NEAR,92891763,2824504335.1276865,2.7349091460663355,0,0
2024-02-06,NEAR,NEAR,91681250,2835121784.5309134,2.7467555984536305,0,0
2024-02-05,NEAR,NEAR,92925960,2843564833.632317,2.7553191354265087,0,0
2024-02-04,NEAR,NEAR,93849990,2901224803.757049,2.8143487694555787,0,0
2024-02-03,NEAR,NEAR,96932355,2994193245.7744427,2.9009510383723565,0,0
2024-02-02,NEAR,NEAR,94371426,2940951585.146965,2.851925377994672,0,0
2024-02-01,NEAR,NEAR,93251210,2907005500.921479,2.820829413612736,0,0
2024-01-31,NEAR,NEAR,97199474,3096715687.893925,3.0078945817064757,0,0
2024-01-30,NEAR,NEAR,98381990,3101713686.024569,3.00718710439752,0,0
2024-01-29,NEAR,NEAR,95338665,2972386454.8983665,2.88128785878354,0,0
2024-01-28,NEAR,NEAR,96665555,2988857940.286528,2.908709629467878,0,0
2024-01-27,NEAR,NEAR,97682660,3002637760.567045,2.9217033357452284,0,0
2024-01-26,NEAR,NEAR,90380892,2773930209.5970144,2.698132025562484,0,0
2024-01-25,NEAR,NEAR,89920855,2761654956.435331,2.679919161876613,0,0
2024-01-24,NEAR,NEAR,77213538,2711420747.723812,2.6482844661795726,0,0
2024-01-23,NEAR,NEAR,76532252,2712573996.201498,2.6439636797548003,0,0
2024-01-22,NEAR,NEAR,81789976,3018370101.22002,2.920117477974771,0,0
2024-01-21,NEAR,NEAR,82808870,3034252646.9109573,2.95084541508977,0,0
2024-01-20,NEAR,NEAR,81142267,3082827935.12066,2.9996326936894846,0,0
2024-01-19,NEAR,NEAR,83857497,3159079756.707757,3.07263862083696,0,0
2024-01-18,NEAR,NEAR,87924201,3381527733.360147,3.293226977313875,0,0
2024-01-17,NEAR,NEAR,87834063,3289720113.7616067,3.235939270177424,0,0
2024-01-16,NEAR,NEAR,88431391,3354737201.2532706,3.3049641283964104,0,0
2024-01-15,NEAR,NEAR,90274644,3373130864.503635,3.3162471087191547,0,0
2024-01-14,NEAR,NEAR,91333759,3450641963.159819,3.4052249765982068,0,0
2024-01-13,NEAR,NEAR,91211570,3496369607.6210127,3.454010893861743,0,0
2024-01-12,NEAR,NEAR,95332216,3670734122.966956,3.619218436748101,0,0
2024-01-11,NEAR,NEAR,93762923,3619863718.405914,3.580465230725089,0,0
2024-01-10,NEAR,NEAR,85790093,3246512892.4808745,3.209953028749684,0,0
2024-01-09,NEAR,NEAR,90889076,3455817992.982965,3.402967482915687,0,0
2024-01-08,NEAR,NEAR,85516241,3234030670.311878,3.198391108808909,0,0
2024-01-07,NEAR,NEAR,91460084,3518558295.647381,3.4717576192688058,0,0
2024-01-06,NEAR,NEAR,92797316,3578657137.2586474,3.532050718971058,0,0
2024-01-05,NEAR,NEAR,100766181,3966483668.7547016,3.914524626004788,0,0
2024-01-04,NEAR,NEAR,93523498,3809963031.2898383,3.766012711247368,0,0
2024-01-03,NEAR,NEAR,98736727,3969543708.894373,3.930075578247149,0,0
2024-01-02,NEAR,NEAR,96409192,3857551670.361926,3.803028617389033,0,0
2024-01-01,NEAR,NEAR,92914104,3712795430.452934,3.654258339659872,0,0
2023-12-31,NEAR,NEAR,93294208,3725434846.57785,3.674086479842281,0,0
2023-12-30,NEAR,NEAR,91139882,3660830985.9450393,3.6172116117083095,0,0
2023-12-29,NEAR,NEAR,94561455,3828350714.9593735,3.770480102255988,0,0
2023-12-28,NEAR,NEAR,102224705,4125149509.1201706,4.089891178104164,0,0
2023-12-27,NEAR,NEAR,101028062,4335408619.892672,4.301049223849556,0,0
2023-12-26,NEAR,NEAR,101174264,4294362346.936946,4.252703837212196,0,0
2023-12-25,NEAR,NEAR,91663815,3843869526.967772,3.807186523016096,0,0
2023-12-24,NEAR,NEAR,92755372,3942922346.168288,3.8939489657916617,0,0
2023-12-23,NEAR,NEAR,82163311,3379765805.7106824,3.363071014097623,0,0
2023-12-22,NEAR,NEAR,84846448,3539505143.219561,3.518222963000385,0,0
2023-12-21,NEAR,NEAR,73009980,2857690033.638233,2.8421940734571747,0,0
2023-12-20,NEAR,NEAR,61834093,2449091717.127253,2.4353844424161086,0,0
2023-12-19,NEAR,NEAR,58737454,2292650828.3722954,2.2839009558083214,0,0
2023-12-18,NEAR,NEAR,59300784,2281190455.964417,2.2698739316893146,0,0
2023-12-17,NEAR,NEAR,61432498,2374739009.418782,2.368132544582986,0,0
2023-12-16,NEAR,NEAR,57363783,2203143026.0786734,2.188881803201342,0,0
2023-12-15,NEAR,NEAR,59848648,2330077287.2550364,2.3224827990818637,0,0
2023-12-14,NEAR,NEAR,59283728,2336589733.9530525,2.32456351971392,0,0
2023-12-13,NEAR,NEAR,58477174,2313585211.2905645,2.3005216150408887,0,0
2023-12-12,NEAR,NEAR,56569712,2243807835.3999343,2.234419353805225,0,0
2023-12-11,NEAR,NEAR,61947989,2525699284.1666417,2.5179364314054244,0,0
2023-12-10,NEAR,NEAR,60087269,2437663442.0098643,2.425117699190685,0,0
2023-12-09,NEAR,NEAR,58844105,2397279366.4158435,2.3855268926966957,0,0
2023-12-08,NEAR,NEAR,55921338,2276298207.435675,2.268967380281788,0,0
2023-12-07,NEAR,NEAR,57070385,2300548448.78405,2.2886149263720506,0,0
2023-12-06,NEAR,NEAR,58549993,2261425303.438978,2.2522608975139864,0,0
2023-12-05,NEAR,NEAR,56773521,2148978518.773956,2.140447201774449,0,0
2023-12-04,NEAR,NEAR,52705795,1988610475.9433577,1.9819580053007764,0,0
2023-12-03,NEAR,NEAR,53048207,2022818822.6598651,2.01146800002478,0,0
2023-12-02,NEAR,NEAR,51167519,1898856626.629449,1.8927643071318287,0,0
2023-12-01,NEAR,NEAR,50786147,1892544714.000944,1.8830438130859584,0,0
2023-11-30,NEAR,NEAR,49704646,1803448077.6298416,1.7958678369298258,0,0
2023-11-29,NEAR,NEAR,49850740,1819282613.7220068,1.817542026460734,0,0
2023-11-28,NEAR,NEAR,49149749,1788481964.9444983,1.7840121498835229,0,0
2023-11-27,NEAR,NEAR,50331719,1833446002.0533524,1.829039658945448,0,0
2023-11-26,NEAR,NEAR,50953808,1890471520.3923197,1.886216118397695,0,0
2023-11-25,NEAR,NEAR,50286575,1838849366.3341656,1.836434799383084,0,0
2023-11-24,NEAR,NEAR,50049334,1808317094.333818,1.806416575165488,0,0
2023-11-23,NEAR,NEAR,50248259,1829102561.4207685,1.825367771425864,0,0
2023-11-22,NEAR,NEAR,49372296,1768594672.93518,1.768291175257677,0,0
2023-11-21,NEAR,NEAR,53185532,1993933314.9242475,1.9945088174027863,0,0
2023-11-20,NEAR,NEAR,53407424,1989190316.7093496,1.982361950564304,0,0
2023-11-19,NEAR,NEAR,48903180,1769480363.822647,1.7701133108275038,0,0
2023-11-18,NEAR,NEAR,51189119,1864454220.0215492,1.864020543970757,0,0
2023-11-17,NEAR,NEAR,47898610,1708142469.547685,1.7212744591405518,0,0
2023-11-16,NEAR,NEAR,48126644,1701302044.4719794,1.7037471575786314,0,0
2023-11-15,NEAR,NEAR,45143209,1536719935.9293218,1.5384940732333297,0,0
2023-11-14,NEAR,NEAR,45581353,1589751830.5822988,1.5930909300986469,0,0
2023-11-13,NEAR,NEAR,49124985,1685116078.316302,1.6975446115305213,0,0
2023-11-12,NEAR,NEAR,46983104,1589824725.505222,1.6010370770478926,0,0
2023-11-11,NEAR,NEAR,44613103,1545642518.9071112,1.5537884001855216,0,0
2023-11-10,NEAR,NEAR,44094538,1424541544.4566212,1.4366416593445797,0,0
2023-11-09,NEAR,NEAR,44985706,1466240424.652598,1.4778289598794387,0,0
2023-11-08,NEAR,NEAR,45121378,1436787696.4111977,1.4469009890778644,0,0
2023-11-07,NEAR,NEAR,46877292,1568045958.9516685,1.5823092874454332,0,0
2023-11-06,NEAR,NEAR,47517042,1625993447.9369268,1.6366017918897846,0,0
2023-11-05,NEAR,NEAR,49246109,1501505478.4445994,1.5129514269231614,0,0
2023-11-04,NEAR,NEAR,46639909,1462496011.3634963,1.476813960188862,0,0
2023-11-03,NEAR,NEAR,47335383,1511835537.15319,1.5213144330040391,0,0
2023-11-02,NEAR,NEAR,47281729,1515535402.8723032,1.52783102932362,0,0
2023-11-01,NEAR,NEAR,44766289,1320222419.9292283,1.3345566694027111,0,0
2023-10-31,NEAR,NEAR,47894195,1310092902.6207223,1.3233187938543378,0,0
2023-10-30,NEAR,NEAR,43095805,1254285653.207193,1.2685474136083104,0,0
2023-10-29,NEAR,NEAR,42570376,1204395171.024608,1.218173940956186,0,0
2023-10-28,NEAR,NEAR,41309809,1209165247.8573036,1.2220228945603997,0,0
2023-10-27,NEAR,NEAR,40557215,1175837192.2587185,1.1910005683947087,0,0
2023-10-26,NEAR,NEAR,39677694,1127445944.9710748,1.1415086813196649,0,0
2023-10-25,NEAR,NEAR,39362219,1122553149.1822574,1.1360450824039912,0,0
2023-10-24,NEAR,NEAR,39089715,1079551665.4701705,1.0975829843314528,0,0
2023-10-23,NEAR,NEAR,37560777,1032196728.0684284,1.0549890308915617,0,0
2023-10-22,NEAR,NEAR,37349336,1027474141.1300052,1.0403658043352624,0,0
2023-10-21,NEAR,NEAR,35788555,992276716.550936,1.0049819232211068,0,0
2023-10-20,NEAR,NEAR,35350720,972572106.5945308,0.9867185021762828,0,0
2023-10-19,NEAR,NEAR,35515448,985834767.3026288,0.9994736038921972,0,0
2023-10-18,NEAR,NEAR,35584192,995199531.1171292,1.0083600957486183,0,0
2023-10-17,NEAR,NEAR,36145631,1020801875.481958,1.0344302255969744,0,0
2023-10-16,NEAR,NEAR,35715364,1009948531.0946342,1.0250604205866454,0,0
2023-10-15,NEAR,NEAR,35426355,992395007.2601892,1.0107354723970765,0,0
2023-10-14,NEAR,NEAR,35280899,988012651.6567992,1.0081561856037262,0,0
2023-10-13,NEAR,NEAR,34272718,990768018.5191438,1.0105700084339917,0,0
2023-10-12,NEAR,NEAR,34525196,1006213114.3393308,1.0271533352702285,0,0
2023-10-11,NEAR,NEAR,34710800,1021821606.9053948,1.0437003770760838,0,0
2023-10-10,NEAR,NEAR,34692001,1017524482.5274136,1.04066369419286,0,0
2023-10-09,NEAR,NEAR,35314833,1069890578.2957776,1.0940389270855275,0,0
2023-10-08,NEAR,NEAR,35653393,1066253031.5328536,1.0911386527858578,0,0
2023-10-07,NEAR,NEAR,35576241,1068105104.3926468,1.093393379299722,0,0
2023-10-06,NEAR,NEAR,35112851,1048261794.556485,1.0729342986334054,0,0
2023-10-05,NEAR,NEAR,35580719,1073852234.8810687,1.0986443303433064,0,0
2023-10-04,NEAR,NEAR,35136041,1073159879.8413148,1.098753253964924,0,0
2023-10-03,NEAR,NEAR,35953249,1089090666.5108397,1.1162086893226255,0,0
2023-10-02,NEAR,NEAR,36747378,1132759483.2048707,1.1605017348079156,0,0
2023-10-01,NEAR,NEAR,36013537,1105738348.1863058,1.1330978261072997,0,0
2023-09-30,NEAR,NEAR,35768519,1079896481.161727,1.1216727998518017,0,0
2023-09-29,NEAR,NEAR,35450216,1042846116.1934476,1.1068470361423417,0,0
2023-09-28,NEAR,NEAR,34912361,1012629349.9766976,1.0756741364905311,0,0
2023-09-27,NEAR,NEAR,35512845,1017040808.9033202,1.078907766482323,0,0
2023-09-26,NEAR,NEAR,35765047,1036304492.4840628,1.1011184861991457,0,0
2023-09-25,NEAR,NEAR,35759795,1030913132.476147,1.0938115819356755,0,0
2023-09-24,NEAR,NEAR,36160429,1050074419.457334,1.1153043862296232,0,0
2023-09-23,NEAR,NEAR,36311050,1056440711.0953228,1.1212987503074328,0,0
2023-09-22,NEAR,NEAR,36001245,1060139788.4907372,1.1245948324851682,0,0
2023-09-21,NEAR,NEAR,36502235,1057153921.2021648,1.1209449209166469,0,0
2023-09-20,NEAR,NEAR,35734719,1055291404.7523564,1.1215452520649638,0,0
2023-09-19,NEAR,NEAR,35274878,1035539530.7608548,1.0983583349406796,0,0
2023-09-18,NEAR,NEAR,34909381,1029493931.9597316,1.0956942862497006,0,0
2023-09-17,NEAR,NEAR,34216253,1063509288.0848812,1.1292446294000693,0,0
2023-09-16,NEAR,NEAR,34509775,1061683587.4684976,1.1293413269440815,0,0
2023-09-15,NEAR,NEAR,34199670,1042294721.7210004,1.1066655361761528,0,0
2023-09-14,NEAR,NEAR,33891061,1026793708.4979604,1.0904214804170729,0,0
2023-09-13,NEAR,NEAR,33552115,1006867159.1018858,1.07061659795607,0,0
2023-09-12,NEAR,NEAR,34112597,1035619599.740595,1.100674460767671,0,0
2023-09-11,NEAR,NEAR,34953603,1084685216.159742,1.1517226335881403,0,0
2023-09-10,NEAR,NEAR,34968406,1097942568.3736756,1.1651920636710176,0,0
2023-09-09,NEAR,NEAR,34535376,1083922800.245243,1.151551089963452,0,0
2023-09-08,NEAR,NEAR,34165800,1084779382.3895738,1.1522666312755363,0,0
2023-09-07,NEAR,NEAR,33624662,1063186821.7556117,1.1297984325628416,0,0
2023-09-06,NEAR,NEAR,33568361,1061518921.2488656,1.127638719336843,0,0
2023-09-05,NEAR,NEAR,33407953,1061402452.2624182,1.126528181242799,0,0
2023-09-04,NEAR,NEAR,33357475,1060761954.8914433,1.1266947480466658,0,0
2023-09-03,NEAR,NEAR,33402959,1054526128.574622,1.1203297115306998,0,0
2023-09-02,NEAR,NEAR,33536834,1063755571.0285122,1.1284879034600148,0,0
2023-09-01,NEAR,NEAR,34102380,1086021960.792235,1.1540258247562172,0,0
2023-08-31,NEAR,NEAR,34814736,1134111331.4235015,1.2038875227997448,0,0
2023-08-30,NEAR,NEAR,35329237,1151946999.3930902,1.2250613515529265,0,0
2023-08-29,NEAR,NEAR,33523788,1124512863.5418422,1.1943355077104223,0,0
2023-08-28,NEAR,NEAR,32451042,1108125869.8833058,1.1770567035543094,0,0
2023-08-27,NEAR,NEAR,32645422,1121826756.1328871,1.1918643015274186,0,0
2023-08-26,NEAR,NEAR,32636407,1119344783.9890757,1.1893704947009658,0,0
2023-08-25,NEAR,NEAR,32510793,1123037131.0246394,1.1944693022919914,0,0
2023-08-24,NEAR,NEAR,32424900,1137723306.5986092,1.2101083387022824,0,0
2023-08-23,NEAR,NEAR,31808853,1096581516.9228451,1.165870814268631,0,0
2023-08-22,NEAR,NEAR,31576569,1066597935.3660512,1.1319921875054633,0,0
2023-08-21,NEAR,NEAR,31666933,1100375867.2103777,1.167836978063118,0,0
2023-08-20,NEAR,NEAR,31388693,1095342853.2283316,1.1649488871087317,0,0
2023-08-19,NEAR,NEAR,30810601,1074595695.7513888,1.141971389915887,0,0
2023-08-18,NEAR,NEAR,31003262,1051759483.372558,1.1158893596876542,0,0
2023-08-17,NEAR,NEAR,32023394,1140943764.2546742,1.2106036201458026,0,0
2023-08-16,NEAR,NEAR,33130641,1206401333.8715396,1.280428454756329,0,0
2023-08-15,NEAR,NEAR,34542199,1257993720.9579823,1.3343982538669812,0,0
2023-08-14,NEAR,NEAR,34522060,1263307974.8523474,1.342448800341703,0,0
2023-08-13,NEAR,NEAR,34547198,1264383462.2363043,1.3418066177043038,0,0
2023-08-12,NEAR,NEAR,34571103,1254354871.9160728,1.3325443301509208,0,0
2023-08-11,NEAR,NEAR,34194476,1257563799.4954305,1.3346922317533507,0,0
2023-08-10,NEAR,NEAR,34360684,1270839751.691851,1.3492522383097738,0,0
2023-08-09,NEAR,NEAR,34642944,1281608817.3427763,1.3600717493245946,0,0
2023-08-08,NEAR,NEAR,34203054,1258045518.9224987,1.3363131463489926,0,0
2023-08-07,NEAR,NEAR,34192177,1255968025.8323553,1.335206763140888,0,0
2023-08-06,NEAR,NEAR,34805310,1272069971.5126436,1.3524158488141198,0,0
2023-08-05,NEAR,NEAR,34474228,1261802795.8951464,1.3397611844022643,0,0
2023-08-04,NEAR,NEAR,35203119,1283050067.2077873,1.3603365831659615,0,0
2023-08-03,NEAR,NEAR,35837207,1317393998.257777,1.3976518087687229,0,0
2023-08-02,NEAR,NEAR,35956227,1326873514.8913171,1.4099676485928383,0,0
2023-08-01,NEAR,NEAR,35527978,1291122446.189238,1.3694796695542584,0,0
2023-07-31,NEAR,NEAR,36135372,1314442484.2765906,1.395658435534553,0,0
2023-07-30,NEAR,NEAR,36413112,1324008452.534299,1.4066128372754358,0,0
2023-07-29,NEAR,NEAR,36569165,1310400176.7591658,1.3914156045661512,0,0
2023-07-28,NEAR,NEAR,36643159,1298714160.7341635,1.378262022125731,0,0
2023-07-27,NEAR,NEAR,35735818,1283629587.1783354,1.3653063096805718,0,0
2023-07-26,NEAR,NEAR,36489603,1266571346.069018,1.3479451702600591,0,0
2023-07-25,NEAR,NEAR,36886347,1299540031.6296277,1.381138104404535,0,0
2023-07-24,NEAR,NEAR,38228557,1369528793.1406493,1.4565572719642508,0,0
2023-07-23,NEAR,NEAR,37894672,1347653095.4356534,1.4369611061417855,0,0
2023-07-22,NEAR,NEAR,38761362,1389720129.9124725,1.4798503257647988,0,0
2023-07-21,NEAR,NEAR,38900572,1432151399.165244,1.5243270685046386,0,0
2023-07-20,NEAR,NEAR,38108213,1375380647.423887,1.4666306920034933,0,0
2023-07-19,NEAR,NEAR,37237247,1372894436.8766716,1.4673193694043043,0,0
2023-07-18,NEAR,NEAR,38277259,1402027231.1838317,1.4961807020126925,0,0
2023-07-17,NEAR,NEAR,38789748,1351593075.2724862,1.4451538708543827,0,0
2023-07-16,NEAR,NEAR,38517464,1395331685.9254324,1.4900021073237115,0,0
2023-07-15,NEAR,NEAR,39779394,1399048782.44126,1.501629039259565,0,0
2023-07-14,NEAR,NEAR,40393451,1362136766.4022834,1.4658083477602,0,0
2023-07-13,NEAR,NEAR,37671236,1243370399.3107796,1.3317454810628022,0,0
2023-07-12,NEAR,NEAR,37910812,1237598875.5774636,1.3292812952390982,0,0
2023-07-11,NEAR,NEAR,37893720,1236038991.2929296,1.3284073024852965,0,0
2023-07-10,NEAR,NEAR,37060020,1231393811.1582184,1.3258572159588125,0,0
2023-07-09,NEAR,NEAR,38006592,1286172338.7240088,1.3842898588014043,0,0
2023-07-08,NEAR,NEAR,37687594,1236168063.288072,1.3301199953956826,0,0
2023-07-07,NEAR,NEAR,37099238,1224685675.7680902,1.3173957608301607,0,0
2023-07-06,NEAR,NEAR,37732913,1258878729.079636,1.352059416278765,0,0
2023-07-05,NEAR,NEAR,38121440,1302905813.6008933,1.3990801785963756,0,0
2023-07-04,NEAR,NEAR,39036176,1347971686.2626233,1.4531058867305997,0,0
2023-07-03,NEAR,NEAR,38133045,1357820193.842754,1.4649542470615138,0,0
2023-07-02,NEAR,NEAR,37826528,1370192541.2070432,1.4799197344723398,0,0
2023-07-01,NEAR,NEAR,36999306,1279622832.6474416,1.3836421034276782,0,0
2023-06-30,NEAR,NEAR,37192246,1252390984.4800806,1.3504317534303902,0,0
2023-06-29,NEAR,NEAR,36345692,1262474369.1585534,1.3632778378972372,0,0
2023-06-28,NEAR,NEAR,38856282,1368252916.4710467,1.479006083392502,0,0
2023-06-27,NEAR,NEAR,38322754,1369623373.405198,1.4855439882578887,0,0
2023-06-26,NEAR,NEAR,37410860,1295592816.8593152,1.399657762955418,0,0
2023-06-25,NEAR,NEAR,37739345,1304953405.0767546,1.41393828943161,0,0
2023-06-24,NEAR,NEAR,36213913,1273265179.3220642,1.378385017376918,0,0
2023-06-23,NEAR,NEAR,36354997,1227554025.4296312,1.3256102997067232,0,0
2023-06-22,NEAR,NEAR,35648377,1235797980.7689288,1.3391147399468566,0,0
2023-06-21,NEAR,NEAR,35651019,1195841164.8785598,1.2957474267558924,0,0
2023-06-20,NEAR,NEAR,34620869,1141019827.8204863,1.236813134898354,0,0
2023-06-19,NEAR,NEAR,33660623,1142366374.2288742,1.2382843852202965,0,0
2023-06-18,NEAR,NEAR,34871261,1158992411.3790226,1.2565885729247048,0,0
2023-06-17,NEAR,NEAR,33366327,1117391834.5885322,1.213845995447749,0,0
2023-06-16,NEAR,NEAR,33384173,1099257216.7573092,1.1932922394503944,0,0
2023-06-15,NEAR,NEAR,32588268,1075972241.2845323,1.173566910680696,0,0
2023-06-14,NEAR,NEAR,33174318,1097674917.061463,1.1973040515030646,0,0
2023-06-13,NEAR,NEAR,33703681,1097327816.267451,1.1988497991479667,0,0
2023-06-12,NEAR,NEAR,33230450,1102685367.9858854,1.2063460771278225,0,0
2023-06-11,NEAR,NEAR,30676487,1102940384.6281831,1.2045370070079016,0,0
2023-06-10,NEAR,NEAR,32768415,1269227141.638729,1.3877532707996894,0,0
2023-06-09,NEAR,NEAR,33083726,1289504286.097756,1.4140528484905588,0,0
2023-06-08,NEAR,NEAR,33915445,1295374541.978089,1.417843573835466,0,0
2023-06-07,NEAR,NEAR,34087234,1399195138.345917,1.533275367654174,0,0
2023-06-06,NEAR,NEAR,33304209,1372944993.5024126,1.5028078701865812,0,0
2023-06-05,NEAR,NEAR,34498899,1480543536.9574518,1.620923537820219,0,0
2023-06-04,NEAR,NEAR,34648723,1474089080.4016368,1.6163855187329903,0,0
2023-06-03,NEAR,NEAR,34532025,1471958429.7259395,1.618340306259958,0,0
2023-06-02,NEAR,NEAR,34265959,1411418349.8496492,1.547118796044881,0,0
2023-06-01,NEAR,NEAR,34424473,1428937512.677961,1.5736289678149569,0,0
2023-05-31,NEAR,NEAR,35597217,1472404461.627367,1.6089658327278458,0,0
2023-05-30,NEAR,NEAR,35655435,1484076321.5962355,1.629078299341129,0,0
2023-05-29,NEAR,NEAR,34887389,1520305387.1907089,1.669302308973741,0,0
2023-05-28,NEAR,NEAR,34268594,1490227869.8413248,1.636450903144871,0,0
2023-05-27,NEAR,NEAR,35059225,1435779283.6529973,1.5796211263449804,0,0
2023-05-26,NEAR,NEAR,33704518,1418247895.1680262,1.562307554033619,0,0
2023-05-25,NEAR,NEAR,33822231,1432638436.6064334,1.573826212584185,0,0
2023-05-24,NEAR,NEAR,34355870,1492719371.5440462,1.6507596552105763,0,0
2023-05-23,NEAR,NEAR,34032372,1463711303.751496,1.6120428169522567,0,0
2023-05-22,NEAR,NEAR,34946212,1465033880.903964,1.6113327380388451,0,0
2023-05-21,NEAR,NEAR,34526872,1506692793.258434,1.6711400067569382,0,0
2023-05-20,NEAR,NEAR,34386795,1511692233.3526173,1.666366113155795,0,0
2023-05-19,NEAR,NEAR,35836918,1504727555.0972912,1.6564478837378802,0,0
2023-05-18,NEAR,NEAR,36139726,1543654239.241119,1.7000805292255292,0,0
2023-05-17,NEAR,NEAR,34836595,1502244337.8761706,1.656799910600132,0,0
2023-05-16,NEAR,NEAR,35903011,1503522976.5112164,1.661262119285529,0,0
2023-05-15,NEAR,NEAR,35697697,1490503105.0128472,1.6546509988255322,0,0
2023-05-14,NEAR,NEAR,35910068,1496643393.0300756,1.6595186030291091,0,0
2023-05-13,NEAR,NEAR,35714609,1484460755.8313615,1.6499262933522858,0,0
2023-05-12,NEAR,NEAR,33920384,1437683829.2662077,1.598600559499815,0,0
2023-05-11,NEAR,NEAR,34374041,1495737936.1924384,1.6638587750104448,0,0
2023-05-10,NEAR,NEAR,34431480,1457577818.777815,1.6225399280424808,0,0
2023-05-09,NEAR,NEAR,34536613,1476674327.892535,1.6439523895968795,0,0
2023-05-08,NEAR,NEAR,35769652,1568069660.391536,1.748635340313858,0,0
2023-05-07,NEAR,NEAR,36195458,1590325347.4925325,1.7725014539104968,0,0
2023-05-06,NEAR,NEAR,38554448,1675818952.5320303,1.8677439788031884,0,0
2023-05-05,NEAR,NEAR,38107699,1652283810.224702,1.8419702575955348,0,0
2023-05-04,NEAR,NEAR,36935901,1705949834.890646,1.902785729069643,0,0
2023-05-03,NEAR,NEAR,36213722,1644733190.062879,1.837024166880393,0,0
2023-05-02,NEAR,NEAR,37347650,1644573788.48659,1.838990640101429,0,0
2023-05-01,NEAR,NEAR,37246539,1738621360.6167576,1.9408586542724389,0,0
2023-04-30,NEAR,NEAR,37105049,1733561972.9720304,1.9360547186350483,0,0
2023-04-29,NEAR,NEAR,37057403,1714784031.5070758,1.917897408184616,0,0
2023-04-28,NEAR,NEAR,37029964,1718607425.341028,1.925013026971416,0,0
2023-04-27,NEAR,NEAR,37026857,1686909766.2204516,1.8893793379864416,0,0
2023-04-26,NEAR,NEAR,38653618,1754730930.4381106,1.9679871130860616,0,0
2023-04-25,NEAR,NEAR,36226842,1682671978.0341575,1.8849349959469972,0,0
2023-04-24,NEAR,NEAR,36256542,1704317249.7934146,1.917058440775791,0,0
2023-04-23,NEAR,NEAR,36696873,1740122584.458638,1.951606868995008,0,0
2023-04-22,NEAR,NEAR,36314642,1715272695.5463612,1.9259572101646285,0,0
2023-04-21,NEAR,NEAR,37716762,1819730767.5122423,2.0467235702955886,0,0
2023-04-20,NEAR,NEAR,38544226,1914064271.066477,2.150157041647677,0,0
2023-04-19,NEAR,NEAR,41707788,2087943503.756328,2.34380710930616,0,0
2023-04-18,NEAR,NEAR,40791033,2034093205.3128407,2.2914555574004565,0,0
2023-04-17,NEAR,NEAR,39164346,2066166592.584007,2.325712693933627,0,0
2023-04-16,NEAR,NEAR,40959189,2063872292.544395,2.3188579226060058,0,0
2023-04-15,NEAR,NEAR,39863598,1968347836.44846,2.222133336631709,0,0
2023-04-14,NEAR,NEAR,40243601,1947268808.6991467,2.20393614624563,0,0
2023-04-13,NEAR,NEAR,37917318,1968892288.1438725,2.230844744505199,0,0
2023-04-12,NEAR,NEAR,37619028,1812297904.9037237,2.054400248339676,0,0
2023-04-11,NEAR,NEAR,36539161,1788890747.9200234,2.063027040502816,0,0
2023-04-10,NEAR,NEAR,37070558,1741620965.652276,2.011248824557926,0,0
2023-04-09,NEAR,NEAR,36783702,1709900678.8656971,1.970873573371011,0,0
2023-04-08,NEAR,NEAR,36555182,1750578255.3070676,2.019273809478772,0,0
2023-04-07,NEAR,NEAR,36958855,1722846518.41469,1.9880033899367733,0,0
2023-04-06,NEAR,NEAR,36577274,1758988382.3151162,2.029569845421388,0,0
2023-04-05,NEAR,NEAR,37519579,1726159177.5975,1.9963515364684996,0,0
2023-04-04,NEAR,NEAR,35251395,1694009152.4003687,1.9495951148181785,0,0
2023-04-03,NEAR,NEAR,53548290,1664302737.1190746,1.922494970666205,0,0
2023-04-02,NEAR,NEAR,54816837,1722625966.0293777,1.989130945168852,0,0
2023-04-01,NEAR,NEAR,55128544,1730503895.1705103,1.9952365333609017,0,0
2023-03-31,NEAR,NEAR,54318644,1667792939.9505963,1.9283798503914955,0,0
2023-03-30,NEAR,NEAR,53175514,1735164490.819173,2.004669008952007,0,0
2023-03-29,NEAR,NEAR,51868947,1634139170.74972,1.8885936692150604,0,0
2023-03-28,NEAR,NEAR,52792005,1600378059.2179103,1.8501950758265877,0,0
2023-03-27,NEAR,NEAR,53102984,1704952291.7922895,1.9626291766194752,0,0
2023-03-26,NEAR,NEAR,53074693,1676765261.251449,1.937380441963726,0,0
2023-03-25,NEAR,NEAR,54829062,1710133237.7043345,1.9757561129122128,0,0
2023-03-24,NEAR,NEAR,54308752,1778866014.8091486,2.057252441739202,0,0
2023-03-23,NEAR,NEAR,53371155,1700383376.3044596,1.9658281701935296,0,0
2023-03-22,NEAR,NEAR,55735731,1801998757.130345,2.083313397730319,0,0
2023-03-21,NEAR,NEAR,55528198,1741442272.8973613,2.0073212259494078,0,0
2023-03-20,NEAR,NEAR,56283367,1877601831.074773,2.1602641402241693,0,0
2023-03-19,NEAR,NEAR,56152888,1812261326.153667,2.0908808900136067,0,0
2023-03-18,NEAR,NEAR,58416602,1873626284.3710303,2.1685065336906257,0,0
2023-03-17,NEAR,NEAR,61371375,1716055660.0549574,1.97965713495888,0,0
2023-03-16,NEAR,NEAR,59625689,1671733116.0420425,1.9304496941183344,0,0
2023-03-15,NEAR,NEAR,63128479,1837365999.725012,2.1234549826078037,0,0
2023-03-14,NEAR,NEAR,61679372,1769187192.939364,2.0349923158103485,0,0
2023-03-13,NEAR,NEAR,59592702,1686433766.0431132,1.951205992819812,0,0
2023-03-12,NEAR,NEAR,55978537,1548177111.2895558,1.796978954884878,0,0
2023-03-11,NEAR,NEAR,60194778,1563282882.5266292,1.802951136341112,0,0
2023-03-10,NEAR,NEAR,60038014,1547285168.350462,1.7914705010052812,0,0
2023-03-09,NEAR,NEAR,73869375,1596420542.691891,1.840257671186713,0,0
2023-03-08,NEAR,NEAR,75684998,1729240957.2038236,2.002753997292299,0,0
2023-03-07,NEAR,NEAR,75858492,1778451556.6890538,2.0559056135454346,0,0
2023-03-06,NEAR,NEAR,76777933,1753322775.4479797,2.034021439326867,0,0
2023-03-05,NEAR,NEAR,77308803,1772939432.5996614,2.050222146159676,0,0
2023-03-04,NEAR,NEAR,81255785,1815397376.7166717,2.1003305635703446,0,0
2023-03-03,NEAR,NEAR,81978622,1948441844.782474,2.2572711365775797,0,0
2023-03-02,NEAR,NEAR,82861437,2001850535.405697,2.3185495428624363,0,0
2023-03-01,NEAR,NEAR,81499969,1923260703.669011,2.2285478572327464,0,0
2023-02-28,NEAR,NEAR,82782611,2025284146.5005512,2.346791737170087,0,0
2023-02-27,NEAR,NEAR,80325831,2046881049.7771437,2.3709614889606967,0,0
2023-02-26,NEAR,NEAR,79346164,1969122681.677313,2.288484733059025,0,0
2023-02-25,NEAR,NEAR,77468139,1994966843.1912897,2.3132768379725177,0,0
2023-02-24,NEAR,NEAR,79797240,2122629879.253929,2.4712501681106667,0,0
2023-02-23,NEAR,NEAR,80832979,2158633724.304767,2.5032020493039746,0,0
2023-02-22,NEAR,NEAR,81360268,2196883995.420877,2.5588469353317964,0,0
2023-02-21,NEAR,NEAR,84077086,2316564722.106469,2.6888796628809386,0,0
2023-02-20,NEAR,NEAR,84710751,2212676350.7531214,2.57125628804419,0,0
2023-02-19,NEAR,NEAR,85254519,2218792390.8881755,2.581481295639457,0,0
2023-02-18,NEAR,NEAR,84018598,2119407593.3291776,2.463037458640916,0,0
2023-02-17,NEAR,NEAR,81158601,1990643252.828478,2.3215112261929582,0,0
2023-02-16,NEAR,NEAR,86329314,2137293752.111586,2.515733961143344,0,0
2023-02-15,NEAR,NEAR,82619099,1931183725.686775,2.2470065961005705,0,0
2023-02-14,NEAR,NEAR,81653982,1874637242.8827507,2.1887515432008917,0,0
2023-02-13,NEAR,NEAR,81688337,1909217304.4659257,2.2296884437717246,0,0
2023-02-12,NEAR,NEAR,82608519,1950324806.446134,2.2861367570300564,0,0
2023-02-11,NEAR,NEAR,81819860,1920782621.5151,2.2495948927815244,0,0
2023-02-10,NEAR,NEAR,82878887,1924893300.513975,2.259208472679479,0,0
2023-02-09,NEAR,NEAR,87961518,2274356522.506895,2.6562210503957706,0,0
2023-02-08,NEAR,NEAR,86853976,2128075319.6347504,2.491099330378787,0,0
2023-02-07,NEAR,NEAR,84708205,1971544260.925069,2.307968264363344,0,0
2023-02-06,NEAR,NEAR,84414506,2045123590.8383052,2.3942862746365425,0,0
2023-02-05,NEAR,NEAR,85575981,2139606399.5706024,2.5027269695698604,0,0
2023-02-04,NEAR,NEAR,85986456,2141680088.8818665,2.5063913685053194,0,0
2023-02-03,NEAR,NEAR,85395585,2085796133.360304,2.4473595872301104,0,0
2023-02-02,NEAR,NEAR,86766746,2061902033.8780408,2.4226545415504366,0,0
2023-02-01,NEAR,NEAR,83954525,1985123768.5912504,2.334797819316772,0,0
2023-01-31,NEAR,NEAR,83612782,1953168418.590252,2.300611476658988,0,0
2023-01-30,NEAR,NEAR,87160167,2187434052.304079,2.5739782634353245,0,0
2023-01-29,NEAR,NEAR,86220147,2097031309.088159,2.4673160631430293,0,0
2023-01-28,NEAR,NEAR,87427946,2184855181.4097624,2.5580086085540805,0,0
2023-01-27,NEAR,NEAR,85249535,2142637199.799516,2.5171916859547925,0,0
2023-01-26,NEAR,NEAR,86265925,2167483805.256094,2.55517787759922,0,0
2023-01-25,NEAR,NEAR,83626562,1997599120.4564445,2.349477281882812,0,0
2023-01-24,NEAR,NEAR,86236864,2167942494.5124044,2.553262464075445,0,0
2023-01-23,NEAR,NEAR,85465341,2037587937.1683428,2.4059455383074466,0,0
2023-01-22,NEAR,NEAR,83965947,1970704557.2868817,2.3275407134398454,0,0
2023-01-21,NEAR,NEAR,84251272,2015827770.9467912,2.3876852367817083,0,0
2023-01-20,NEAR,NEAR,81058093,1783550198.3260837,2.0959289876801424,0,0
2023-01-19,NEAR,NEAR,79609130,1682030882.8921072,1.97970120558952,0,0
2023-01-18,NEAR,NEAR,81395845,1837663525.474057,2.15359113016745,0,0
2023-01-17,NEAR,NEAR,81647489,1866823907.684036,2.1926279207735884,0,0
2023-01-16,NEAR,NEAR,82724767,1904578064.877694,2.2385177219918417,0,0
2023-01-15,NEAR,NEAR,81690607,1922252894.776328,2.261921891879445,0,0
2023-01-14,NEAR,NEAR,80123217,1651906639.8900464,1.9494329597434077,0,0
2023-01-13,NEAR,NEAR,77950616,1561096814.690521,1.8372033308627025,0,0
2023-01-12,NEAR,NEAR,77899320,1540357291.4763913,1.8227621675781591,0,0
2023-01-11,NEAR,NEAR,75275134,1389043916.9918787,1.6444951500605842,0,0
2023-01-10,NEAR,NEAR,74823028,1388033829.0919948,1.643765730652628,0,0
2023-01-09,NEAR,NEAR,75081617,1384878029.2640877,1.6355567807627425,0,0
2023-01-08,NEAR,NEAR,73446414,1317978693.234174,1.5679128304313528,0,0
2023-01-07,NEAR,NEAR,72522530,1346567902.906741,1.593485072607944,0,0
2023-01-06,NEAR,NEAR,71958247,1291637889.1141095,1.5265088877334052,0,0
2023-01-05,NEAR,NEAR,73609750,1308102917.4322522,1.5518861017051222,0,0
2023-01-04,NEAR,NEAR,71742066,1127484406.0514476,1.3355522484488016,0,0
2023-01-03,NEAR,NEAR,72026659,1107147747.758622,1.312503604701252,0,0
2023-01-02,NEAR,NEAR,71573934,1076715799.219123,1.2753058986629815,0,0
2023-01-01,NEAR,NEAR,70732403,1060685915.2917576,1.262824067893108,0,0
2022-12-31,NEAR,NEAR,71614903,1076579756.3879013,1.2746145157804014,0,0
2022-12-30,NEAR,NEAR,71879623,1094523520.6659396,1.2993834920467708,0,0
2022-12-29,NEAR,NEAR,71563056,1111240541.2103715,1.317548378208826,0,0
2022-12-28,NEAR,NEAR,72417941,1146106445.568517,1.360384876567176,0,0
2022-12-27,NEAR,NEAR,72776642,1152444631.4857209,1.3631067907390075,0,0
2022-12-26,NEAR,NEAR,72485683,1128407168.1080573,1.3379473208360984,0,0
2022-12-25,NEAR,NEAR,72670470,1133969680.901147,1.3417698050153053,0,0
2022-12-24,NEAR,NEAR,72392719,1135128485.1863053,1.3455851219310562,0,0
2022-12-23,NEAR,NEAR,72879502,1113445977.8682835,1.3222245423550862,0,0
2022-12-22,NEAR,NEAR,73458243,1102124892.4288344,1.3045288676254414,0,0
2022-12-21,NEAR,NEAR,72860350,1133761784.4301672,1.3457219035085957,0,0
2022-12-20,NEAR,NEAR,70601336,1064310475.0446378,1.257478499444181,0,0
2022-12-19,NEAR,NEAR,73473826,1156166120.2655733,1.3706970559600709,0,0
2022-12-18,NEAR,NEAR,72384312,1175842037.1577127,1.3972954652263612,0,0
2022-12-17,NEAR,NEAR,72410529,1151611916.0258718,1.366875265755496,0,0
2022-12-16,NEAR,NEAR,75308443,1342149293.2496755,1.5871415513517584,0,0
2022-12-15,NEAR,NEAR,75965005,1400085180.64649,1.662684743781429,0,0
2022-12-14,NEAR,NEAR,77691442,1430012823.5572343,1.7082944177998431,0,0
2022-12-13,NEAR,NEAR,75839965,1362979365.7033706,1.6295154607517135,0,0
2022-12-12,NEAR,NEAR,77410584,1368038324.8027933,1.6385908870473471,0,0
2022-12-11,NEAR,NEAR,78267995,1422634197.1197858,1.706523838551015,0,0
2022-12-10,NEAR,NEAR,78070669,1420322880.199536,1.7007373418143903,0,0
2022-12-09,NEAR,NEAR,78187528,1423541590.895255,1.7056367268948571,0,0
2022-12-08,NEAR,NEAR,77537144,1416770195.802499,1.6940290880933224,0,0
2022-12-07,NEAR,NEAR,79708228,1481314259.4814825,1.7866067671127648,0,0
2022-12-06,NEAR,NEAR,78312752,1435103330.8352182,1.7203374355094452,0,0
2022-12-05,NEAR,NEAR,78980612,1447665215.624,1.7347572511294065,0,0
2022-12-04,NEAR,NEAR,77049803,1401402498.061104,1.676229734756478,0,0
2022-12-03,NEAR,NEAR,79840712,1463441391.034576,1.765100240622822,0,0
2022-12-02,NEAR,NEAR,79863382,1447970286.831426,1.7399226034223745,0,0
2022-12-01,NEAR,NEAR,79619471,1442846764.831622,1.7302636787831007,0,0
2022-11-30,NEAR,NEAR,85896403,1341145899.637307,1.6103518715672471,0,0
2022-11-29,NEAR,NEAR,85823212,1322539569.8430862,1.591445328555057,0,0
2022-11-28,NEAR,NEAR,86237785,1348128163.3931289,1.6153754080985527,0,0
2022-11-27,NEAR,NEAR,85952472,1333578323.5835392,1.6074218765128263,0,0
2022-11-26,NEAR,NEAR,86433730,1366678689.8868244,1.6479913702485642,0,0
2022-11-25,NEAR,NEAR,86082576,1364625343.8226058,1.6434319246744915,0,0
2022-11-24,NEAR,NEAR,86206477,1401205973.0721765,1.6840159989147627,0,0
2022-11-23,NEAR,NEAR,86860668,1348486841.592949,1.6214178737477174,0,0
2022-11-22,NEAR,NEAR,86190377,1295171971.508903,1.5648083364869223,0,0
2022-11-21,NEAR,NEAR,86231471,1296366033.2741015,1.5712695030324373,0,0
2022-11-20,NEAR,NEAR,88256585,1447209618.381949,1.749913810627821,0,0
2022-11-19,NEAR,NEAR,88987797,1480201039.0624158,1.786423398499828,0,0
2022-11-18,NEAR,NEAR,89379892,1514766077.7437415,1.8301160866616628,0,0
2022-11-17,NEAR,NEAR,91329109,1591075160.6242397,1.925438519902035,0,0
2022-11-16,NEAR,NEAR,93564719,1638396873.2215185,1.9804006490197976,0,0
2022-11-15,NEAR,NEAR,93376436,1628695312.2871728,1.963240775946942,0,0
2022-11-14,NEAR,NEAR,93306314,1598966956.2380178,1.9562683125955675,0,0
2022-11-13,NEAR,NEAR,95275666,1635924985.6814463,1.9975293591501515,0,0
2022-11-12,NEAR,NEAR,97172762,1743262800.7311046,2.135389095430709,0,0
2022-11-11,NEAR,NEAR,100686673,1900236550.801444,2.322827957338668,0,0
2022-11-10,NEAR,NEAR,103674918,1657437866.3902118,2.0143560809998755,0,0
2022-11-09,NEAR,NEAR,108008010,2165391533.3774934,2.626630059698901,0,0
2022-11-08,NEAR,NEAR,119070785,2495028179.8601527,3.045992477946622,0,0
2022-11-07,NEAR,NEAR,119839447,2544543180.017402,3.1019717697832982,0,0
2022-11-06,NEAR,NEAR,121958178,2729804643.556795,3.323454525070304,0,0
2022-11-05,NEAR,NEAR,121350925,2690201603.2195625,3.300972351283923,0,0
2022-11-04,NEAR,NEAR,120346686,2471947399.4849253,3.027516699895929,0,0
2022-11-03,NEAR,NEAR,121995107,2372305189.7171,2.89937936203041,0,0
2022-11-02,NEAR,NEAR,125672989,2472429866.4278026,3.0232818497895253,0,0
2022-11-01,NEAR,NEAR,127718864,2541971965.174572,3.106999163339525,0,0
2022-10-31,NEAR,NEAR,127395544,2530223580.898881,3.1035200935654177,0,0
2022-10-30,NEAR,NEAR,128023379,2508090662.4682336,3.0762737042915376,0,0
2022-10-29,NEAR,NEAR,127822278,2471667000.891703,3.025001061723921,0,0
2022-10-28,NEAR,NEAR,127363806,2429340498.9997544,2.9689157781638023,0,0
2022-10-27,NEAR,NEAR,128374154,2496351095.6289983,3.0616509017930973,0,0
2022-10-26,NEAR,NEAR,126307509,2450907395.946258,3.009559168742105,0,0
2022-10-25,NEAR,NEAR,140992243,2372616194.829046,2.915232217722036,0,0
2022-10-24,NEAR,NEAR,247542234,2424434369.954596,2.9797925811942085,0,0
2022-10-23,NEAR,NEAR,246571457,2376865210.009911,2.9186422150276354,0,0
2022-10-22,NEAR,NEAR,250254052,2352136814.6823125,2.888163458576726,0,0
2022-10-21,NEAR,NEAR,249354233,2331005217.395224,2.86634799425883,0,0
2022-10-20,NEAR,NEAR,249739367,2297082622.700422,2.8224084965896283,0,0
2022-10-19,NEAR,NEAR,252639292,2413677114.5669937,2.9715448043410984,0,0
2022-10-18,NEAR,NEAR,255344910,2488612871.2497425,3.06496711265502,0,0
2022-10-17,NEAR,NEAR,254082710,2436665850.7528133,3.0011283889099336,0,0
2022-10-16,NEAR,NEAR,254971591,2379583372.89058,2.925459376977728,0,0
2022-10-15,NEAR,NEAR,255692860,2434890201.3553934,3.0103555387402587,0,0
2022-10-14,NEAR,NEAR,256498626,2457709030.4376087,3.0451573222311885,0,0
2022-10-13,NEAR,NEAR,260476477,2541698381.317971,3.154414540256405,0,0
2022-10-12,NEAR,NEAR,261125270,2549531964.837332,3.173145510421401,0,0
2022-10-11,NEAR,NEAR,261384473,2619351559.5344357,3.236911439110776,0,0
2022-10-10,NEAR,NEAR,264366881,2821168732.7024994,3.5167214065057504,0,0
2022-10-09,NEAR,NEAR,266610018,2807064159.410567,3.49567783115409,0,0
2022-10-08,NEAR,NEAR,270020095,2841274135.175883,3.544858758076816,0,0
2022-10-07,NEAR,NEAR,272061376,2896036935.665888,3.61873421589395,0,0
2022-10-06,NEAR,NEAR,271185222,2953397549.905623,3.693456652269709,0,0
2022-10-05,NEAR,NEAR,270111929,2907438317.7659183,3.625718974051777,0,0
2022-10-04,NEAR,NEAR,275430010,2840992444.169078,3.5470905112141256,0,0
2022-10-03,NEAR,NEAR,277424636,2796344138.7777805,3.484350068101212,0,0
2022-10-02,NEAR,NEAR,279075686,2836960921.84455,3.5538505471602035,0,0
2022-10-01,NEAR,NEAR,279321711,2846890030.646769,3.5616287027082825,0,0
2022-09-30,NEAR,NEAR,274383997,2819346181.523596,3.5812868309523704,0,0
2022-09-29,NEAR,NEAR,273670166,2817814801.2883563,3.580762850034462,0,0
2022-09-28,NEAR,NEAR,274154759,2859356881.260452,3.62446633238948,0,0
2022-09-27,NEAR,NEAR,275493662,2884234093.107387,3.669184365318952,0,0
2022-09-26,NEAR,NEAR,276455940,2867784415.1220627,3.646861690659514,0,0
2022-09-25,NEAR,NEAR,277201733,2917312591.67143,3.7047615057497096,0,0
2022-09-24,NEAR,NEAR,276496238,2985733728.7874017,3.7935819999524183,0,0
2022-09-23,NEAR,NEAR,280254293,3048776406.788413,3.873769691719061,0,0
2022-09-22,NEAR,NEAR,276207815,2871973695.9040365,3.663436164526431,0,0
2022-09-21,NEAR,NEAR,282158816,3011449315.4783707,3.812383980919811,0,0
2022-09-20,NEAR,NEAR,285313696,3199823486.157643,4.0617250534917,0,0
2022-09-19,NEAR,NEAR,282092327,3073820060.191829,3.907766944479011,0,0
2022-09-18,NEAR,NEAR,288088418,3450780229.860036,4.381466441994484,0,0
2022-09-17,NEAR,NEAR,285320943,3296136844.162955,4.194881955782533,0,0
2022-09-16,NEAR,NEAR,286735267,3287272993.206156,4.177721955361411,0,0
2022-09-15,NEAR,NEAR,291763178,3545020146.1822634,4.514321908494593,0,0
2022-09-14,NEAR,NEAR,292528774,3465576460.5953016,4.427542874635345,0,0
2022-09-13,NEAR,NEAR,299020033,3940035204.497974,5.057086752562667,0,0
2022-09-12,NEAR,NEAR,295075802,3819959987.263696,4.88240200562032,0,0
2022-09-11,NEAR,NEAR,294989574,3758054740.731781,4.814890007466078,0,0
2022-09-10,NEAR,NEAR,296569432,3767309798.716831,4.821451994279202,0,0
2022-09-09,NEAR,NEAR,290458946,3640723774.461526,4.679093970215893,0,0
2022-09-08,NEAR,NEAR,288507550,3412373118.701121,4.377479860275096,0,0
2022-09-07,NEAR,NEAR,285826945,3175253340.054656,4.080188083966172,0,0
2022-09-06,NEAR,NEAR,288215635,3282671283.174792,4.232523793839444,0,0
2022-09-05,NEAR,NEAR,287725256,3285574293.154484,4.235733496918636,0,0
2022-09-04,NEAR,NEAR,285855546,3229101945.4334226,4.161298367512221,0,0
2022-09-03,NEAR,NEAR,290672756,3230639843.5272093,4.178111922394495,0,0
2022-09-02,NEAR,NEAR,291874965,3356018499.9944086,4.346046441991848,0,0
2022-09-01,NEAR,NEAR,294583642,3372250381.7076874,4.364541049809285,0,0
2022-08-31,NEAR,NEAR,292423720,3257583346.938833,4.208563484287933,0,0
2022-08-30,NEAR,NEAR,290658539,3123452318.8147264,4.039244835560819,0,0
2022-08-29,NEAR,NEAR,285881568,2914743480.5943675,3.775012098922947,0,0
2022-08-28,NEAR,NEAR,291392942,3027243199.80525,3.926940214562612,0,0
2022-08-27,NEAR,NEAR,293506782,3016409961.080455,3.937075746433328,0,0
2022-08-26,NEAR,NEAR,298750364,3335569453.374217,4.326270087355328,0,0
2022-08-25,NEAR,NEAR,298672616,3284302542.9092145,4.274494088793188,0,0
2022-08-24,NEAR,NEAR,297050539,3305289277.4576974,4.30501769847433,0,0
2022-08-23,NEAR,NEAR,294999532,3149183555.4502277,4.123748997337112,0,0
2022-08-22,NEAR,NEAR,295925543,3257502323.3449354,4.240985754496719,0,0
2022-08-21,NEAR,NEAR,293901624,3178420191.901677,4.158308707383934,0,0
2022-08-20,NEAR,NEAR,296673613,3266556544.0606422,4.26622505269303,0,0
2022-08-19,NEAR,NEAR,304796742,3722774274.831861,4.859485885700755,0,0
2022-08-18,NEAR,NEAR,312166923,3802015833.885873,4.972543208602537,0,0
2022-08-17,NEAR,NEAR,317100226,4033271939.239816,5.285612852092044,0,0
2022-08-16,NEAR,NEAR,319005945,4129457710.2668486,5.416201961852327,0,0
2022-08-15,NEAR,NEAR,324036635,4279529656.989796,5.611833082722159,0,0
2022-08-14,NEAR,NEAR,325156902,4447395158.0343,5.871363468806036,0,0
2022-08-13,NEAR,NEAR,325017342,4534912508.836802,5.995365786435725,0,0
2022-08-12,NEAR,NEAR,322198745,4348156081.514242,5.756363647970473,0,0
2022-08-11,NEAR,NEAR,326497311,4435609307.569851,5.884396263381035,0,0
2022-08-10,NEAR,NEAR,319672241,4058365757.5058327,5.377573073683021,0,0
2022-08-09,NEAR,NEAR,325798766,4158732549.489062,5.502632834379643,0,0
2022-08-08,NEAR,NEAR,317447623,3759013982.219137,4.990456329146826,0,0
2022-08-07,NEAR,NEAR,316158058,3701789294.189585,4.917394861051609,0,0
2022-08-06,NEAR,NEAR,324304927,3894290484.0923233,5.200514488101295,0,0
2022-08-05,NEAR,NEAR,310463876,3327982584.49659,4.434237761021997,0,0
2022-08-04,NEAR,NEAR,312866243,3395227475.355414,4.531819650956049,0,0
2022-08-03,NEAR,NEAR,304409931,3276366732.3972974,4.321301490365369,0,0
2022-08-02,NEAR,NEAR,314436824,3198419496.7006574,4.288708551352912,0,0
2022-08-01,NEAR,NEAR,315405235,3190816616.823693,4.252031368707312,0,0
2022-07-31,NEAR,NEAR,316778033,3250061688.869456,4.353006434103154,0,0
2022-07-30,NEAR,NEAR,318832777,3323641632.796438,4.400853391760224,0,0
2022-07-29,NEAR,NEAR,317148782,3259635981.052977,4.358341389583463,0,0
2022-07-28,NEAR,NEAR,311482813,3093789053.767878,4.143939422999899,0,0
2022-07-27,NEAR,NEAR,306861529,2794273895.155907,3.748098672438173,0,0
2022-07-26,NEAR,NEAR,298022191,2852345170.378424,3.793670554850885,0,0
2022-07-25,NEAR,NEAR,305481872,3247094372.857528,4.358971766755267,0,0
2022-07-24,NEAR,NEAR,308333405,3205086493.0256824,4.320356882651207,0,0
2022-07-23,NEAR,NEAR,305752068,3212902153.219981,4.331625147317917,0,0
2022-07-22,NEAR,NEAR,307671133,3253438971.6987424,4.376082860442939,0,0
2022-07-21,NEAR,NEAR,285741394,3125384299.354817,4.196656324052397,0,0
2022-07-20,NEAR,NEAR,289031787,3387509702.928185,4.550110819993814,0,0
2022-07-19,NEAR,NEAR,288776846,2989606032.197333,4.07293211449496,0,0
2022-07-18,NEAR,NEAR,276780993,2626011748.094273,3.5421784449830938,0,0
2022-07-17,NEAR,NEAR,279981413,2702964677.967812,3.646460246365339,0,0
2022-07-16,NEAR,NEAR,276134024,2583025463.94698,3.5017840405872667,0,0
2022-07-15,NEAR,NEAR,280756285,2568600752.6152697,3.490455137725876,0,0
2022-07-14,NEAR,NEAR,261304703,2437010105.21555,3.331667632326715,0,0
2022-07-13,NEAR,NEAR,266425950,2369123454.341307,3.2024095056701847,0,0
2022-07-12,NEAR,NEAR,267808623,2366421426.231824,3.2322722504623704,0,0
2022-07-11,NEAR,NEAR,269365417,2578715537.925913,3.5288952679183363,0,0
2022-07-10,NEAR,NEAR,272903418,2782085323.0358458,3.808548536078227,0,0
2022-07-09,NEAR,NEAR,272271972,2653541208.8653345,3.6390807283122606,0,0
2022-07-08,NEAR,NEAR,271254177,2718440117.835395,3.7227233954547927,0,0
2022-07-07,NEAR,NEAR,262793569,2554744431.914205,3.5029587572311227,0,0
2022-07-06,NEAR,NEAR,259846328,2467987979.5280867,3.3941771158605225,0,0
2022-07-05,NEAR,NEAR,258232318,2555589221.8857927,3.5163312191885856,0,0
2022-07-04,NEAR,NEAR,251906143,2410913735.775218,3.328544174348357,0,0
2022-07-03,NEAR,NEAR,248287754,2404034033.876062,3.3160615755087237,0,0
2022-07-02,NEAR,NEAR,247338150,2461534564.1659675,3.376249819458008,0,0
2022-07-01,NEAR,NEAR,237573665,2386905128.7378354,3.3069462681191584,0,0
2022-06-30,NEAR,NEAR,236719885,2474605033.371218,3.409568726915156,0,0
2022-06-29,NEAR,NEAR,241403353,2467861633.380079,3.410190013166057,0,0
2022-06-28,NEAR,NEAR,259022023,2698556389.0487294,3.737099295646292,0,0
2022-06-27,NEAR,NEAR,261392439,2736397339.187557,3.795857604989557,0,0
2022-06-26,NEAR,NEAR,266981105,3007474833.9747043,4.168509626277172,0,0
2022-06-25,NEAR,NEAR,264761684,2922971549.5987453,4.008833380958044,0,0
2022-06-24,NEAR,NEAR,254186521,2573857211.815304,3.5611301551475583,0,0
2022-06-23,NEAR,NEAR,247854183,2371114381.571694,3.275853702154242,0,0
2022-06-22,NEAR,NEAR,250692069,2529889648.0408235,3.5090121737592224,0,0
2022-06-21,NEAR,NEAR,249711885,2460270251.581669,3.4265487500013343,0,0
2022-06-20,NEAR,NEAR,247457435,2356507717.574608,3.28307434348828,0,0
2022-06-19,NEAR,NEAR,240772029,2229584103.988986,3.1002862517237144,0,0
2022-06-18,NEAR,NEAR,247571507,2418299114.720165,3.382533133943493,0,0
2022-06-17,NEAR,NEAR,252391611,2338567394.534761,3.1948024320789368,0,0
2022-06-16,NEAR,NEAR,258000772,2681471732.754143,3.8299890525081146,0,0
2022-06-15,NEAR,NEAR,274134232,2404521293.594658,3.3950796681248163,0,0
2022-06-14,NEAR,NEAR,275109348,2449305492.4486365,3.501180931845809,0,0
2022-06-13,NEAR,NEAR,294526202,2670820996.303264,3.7334397710197527,0,0
2022-06-12,NEAR,NEAR,301759672,2897239452.3697395,4.084401962020471,0,0
2022-06-11,NEAR,NEAR,339255059,3190886205.6383224,4.499541842913264,0,0
2022-06-10,NEAR,NEAR,350989516,3593035201.8113565,5.077097703978498,0,0
2022-06-09,NEAR,NEAR,352471656,3599108827.4834623,5.0750497590982215,0,0
2022-06-08,NEAR,NEAR,357317861,3703291245.6428022,5.21354768302369,0,0
2022-06-07,NEAR,NEAR,357647717,3886205125.787657,5.492538358501246,0,0
2022-06-06,NEAR,NEAR,365111580,3762954340.933117,5.328493224232071,0,0
2022-06-05,NEAR,NEAR,359497662,3731079630.2061386,5.333133751210084,0,0
2022-06-04,NEAR,NEAR,361178173,3672678187.502936,5.249960210462132,0,0
2022-06-03,NEAR,NEAR,471371567,3953608116.133824,5.609055112242151,0,0
2022-06-02,NEAR,NEAR,454856009,3769221925.822818,5.352912092815359,0,0
2022-06-01,NEAR,NEAR,462517192,4203911234.647025,5.947665144874647,0,0
2022-05-31,NEAR,NEAR,467037702,4039968375.849096,5.759712215557725,0,0
2022-05-30,NEAR,NEAR,448284952,3632708372.203096,5.178481988460084,0,0
2022-05-29,NEAR,NEAR,442935823,3520474460.221312,5.0148053257763765,0,0
2022-05-28,NEAR,NEAR,437044507,3346533530.4643764,4.790382752997632,0,0
2022-05-27,NEAR,NEAR,399019858,3658472000.187879,5.2541393087261765,0,0
2022-05-26,NEAR,NEAR,399347221,4000186564.6717215,5.742703861917344,0,0
2022-05-25,NEAR,NEAR,399673381,4157178653.012365,5.9741069521287375,0,0
2022-05-24,NEAR,NEAR,403136755,4059811945.791891,5.824683296309321,0,0
2022-05-23,NEAR,NEAR,410500370,4349336819.895934,6.260142664051536,0,0
2022-05-22,NEAR,NEAR,406212135,4241678560.661022,6.141918140114648,0,0
2022-05-21,NEAR,NEAR,396856801,3980336386.5732527,5.773849053792074,0,0
2022-05-20,NEAR,NEAR,387284958,4242415104.577899,6.129593688466199,0,0
2022-05-19,NEAR,NEAR,382897507,4109608622.797561,5.895338823028539,0,0
2022-05-18,NEAR,NEAR,396921273,4618852888.326078,6.67873991257984,0,0
2022-05-17,NEAR,NEAR,393559707,4502898376.714782,6.525626161529556,0,0
2022-05-16,NEAR,NEAR,397983617,5052302442.083961,7.35998031562979,0,0
2022-05-15,NEAR,NEAR,388996907,4613868623.412225,6.718515352486529,0,0
2022-05-14,NEAR,NEAR,381599493,4455078461.627663,6.5220295699852695,0,0
2022-05-13,NEAR,NEAR,360899882,4444162851.931283,6.429199500432946,0,0
2022-05-12,NEAR,NEAR,387420490,4287760894.2210016,6.357385489676193,0,0
2022-05-11,NEAR,NEAR,474293605,6514420556.413131,9.613475960219724,0,0
2022-05-10,NEAR,NEAR,465932197,6575589880.099905,9.533678525626588,0,0
2022-05-09,NEAR,NEAR,481722005,7552800894.028467,11.16951897711987,0,0
2022-05-08,NEAR,NEAR,476930624,7121797600.827835,10.46601833473594,0,0
2022-05-07,NEAR,NEAR,375563849,7338512049.954461,10.825235823535444,0,0
2022-05-06,NEAR,NEAR,365687658,7591129560.349707,11.239525021832147,0,0
2022-05-05,NEAR,NEAR,393998760,8787169437.346292,12.997136051920656,0,0
2022-05-04,NEAR,NEAR,376271775,7996473438.071884,11.933328957674384,0,0
2022-05-03,NEAR,NEAR,371836073,7938111029.291491,11.762901398424788,0,0
2022-05-02,NEAR,NEAR,364062633,7996030715.487254,11.85373755371901,0,0
2022-05-01,NEAR,NEAR,366340060,6968254425.992324,10.374447420447853,0,0
2022-04-30,NEAR,NEAR,402356648,7584824076.266893,11.2804500175167,0,0
2022-04-29,NEAR,NEAR,419989273,8429494596.482152,12.390727566170128,0,0
2022-04-28,NEAR,NEAR,365607410,8751736858.46753,12.837149933349806,0,0
2022-04-27,NEAR,NEAR,357947695,8573657705.248488,12.62280764505232,0,0
2022-04-26,NEAR,NEAR,378729244,9685490385.311457,14.294157666688193,0,0
2022-04-25,NEAR,NEAR,371809690,10273664976.570765,15.03608522579444,0,0
2022-04-24,NEAR,NEAR,348902754,10417218911.481735,15.338360765662731,0,0
2022-04-23,NEAR,NEAR,347751818,10572754421.799356,15.60127378975467,0,0
2022-04-22,NEAR,NEAR,362673164,10512029381.122211,15.576071895066718,0,0
2022-04-21,NEAR,NEAR,361081176,11245357327.878572,16.64082252333891,0,0
2022-04-20,NEAR,NEAR,361272315,11793171655.29948,17.405309699866812,0,0
2022-04-19,NEAR,NEAR,340653404,10947387197.147366,16.236580042171422,0,0
2022-04-18,NEAR,NEAR,317288771,10559128908.349842,15.721403389309554,0,0
2022-04-17,NEAR,NEAR,309989022,10793054092.531586,15.970330496432592,0,0
2022-04-16,NEAR,NEAR,302339197,10753346520.132427,16.001361845271102,0,0
2022-04-15,NEAR,NEAR,291986144,10969328834.232792,16.386823194555735,0,0
2022-04-14,NEAR,NEAR,284558152,11253769411.42017,16.85709280401614,0,0
2022-04-13,NEAR,NEAR,255715516,10970018221.21346,16.572485532119185,0,0
2022-04-12,NEAR,NEAR,241024024,10566976945.911123,15.961519574612382,0,0
2022-04-11,NEAR,NEAR,234394251,10632195697.22302,15.813595560198277,0,0
2022-04-10,NEAR,NEAR,232666687,11539804611.822334,17.438564138566225,0,0
2022-04-09,NEAR,NEAR,222374739,11597979758.618431,17.558975895490303,0,0
2022-04-08,NEAR,NEAR,212914894,11434385816.177288,17.429073637892902,0,0
2022-04-07,NEAR,NEAR,183722712,10192287377.975508,15.242622975128578,0,0
2022-04-06,NEAR,NEAR,183352777,10746446465.260485,16.10181197824343,0,0
2022-04-05,NEAR,NEAR,186460198,11376411364.392546,17.164398268112954,0,0
2022-04-04,NEAR,NEAR,174317653,11034753272.52669,16.77115270514287,0,0
2022-04-03,NEAR,NEAR,157394299,9819412198.864822,14.799834432644872,0,0
2022-04-02,NEAR,NEAR,157637583,9510616460.284176,14.63086155631096,0,0
2022-04-01,NEAR,NEAR,147678823,8734530051.207306,13.197747367728937,0,0
2022-03-31,NEAR,NEAR,141937050,9329609387.70216,14.027535264815995,0,0
2022-03-30,NEAR,NEAR,129066413,9342328559.21408,14.115259077418608,0,0
2022-03-29,NEAR,NEAR,120469797,8429831182.026743,12.586249020172437,0,0
2022-03-28,NEAR,NEAR,121364637,8693550921.191414,13.164775831537924,0,0
2022-03-27,NEAR,NEAR,118537324,8409111347.176781,12.71428187572629,0,0
2022-03-26,NEAR,NEAR,117901989,8050240680.907331,12.227664580216024,0,0
2022-03-25,NEAR,NEAR,118449696,8526990246.170154,12.886628909673457,0,0
2022-03-24,NEAR,NEAR,117157359,8202288072.934086,12.483549172345429,0,0
2022-03-23,NEAR,NEAR,110887759,7268547869.291927,11.04824923586259,0,0
2022-03-22,NEAR,NEAR,117212967,7140901856.842667,10.871447817614516,0,0
2022-03-21,NEAR,NEAR,112464836,6977656353.1478,10.637902221982293,0,0
2022-03-20,NEAR,NEAR,115701509,7410139638.158831,11.291208679091406,0,0
2022-03-19,NEAR,NEAR,113897348,7508164098.093035,11.41321950039263,0,0
2022-03-18,NEAR,NEAR,107688047,7050383078.405828,10.735602537518206,0,0
2022-03-17,NEAR,NEAR,108991424,7010504942.965055,10.8179583498171,0,0
2022-03-16,NEAR,NEAR,104411952,6636021264.760873,10.123621113049513,0,0
2022-03-15,NEAR,NEAR,105097129,6553165273.588026,10.14439974738955,0,0
2022-03-14,NEAR,NEAR,92887855,6377956647.22614,9.888314368183025,0,0
2022-03-13,NEAR,NEAR,97893114,6682845031.439161,10.357353783064251,0,0
2022-03-12,NEAR,NEAR,100257518,6675178654.30042,10.256943696375764,0,0
2022-03-11,NEAR,NEAR,102262940,7135364161.840055,11.064688751861157,0,0
2022-03-10,NEAR,NEAR,106209105,7443529402.6363535,11.636044948854051,0,0
2022-03-09,NEAR,NEAR,97455920,6275978388.971065,9.72435499785672,0,0
2022-03-08,NEAR,NEAR,95991096,6267361243.456437,9.711210147664456,0,0
2022-03-07,NEAR,NEAR,98191249,6600947332.217216,10.203821592291987,0,0
2022-03-06,NEAR,NEAR,103583475,6767882325.597689,10.512440586732406,0,0
2022-03-05,NEAR,NEAR,99777303,6711990142.998672,10.42409985098748,0,0
2022-03-04,NEAR,NEAR,102590822,7108772640.7776165,11.045285845855163,0,0
2022-03-03,NEAR,NEAR,106456597,7116053086.473389,11.068750298101705,0,0
2022-03-02,NEAR,NEAR,107212701,7552845824.180435,11.851831866509029,0,0
2022-03-01,NEAR,NEAR,99750528,6156851752.719787,9.729168163789916,0,0
2022-02-28,NEAR,NEAR,93806011,5448297776.148647,8.504452666488886,0,0
2022-02-27,NEAR,NEAR,99147550,5818021386.731069,9.109323389570482,0,0
2022-02-26,NEAR,NEAR,96153990,5741413544.43512,8.951658078619278,0,0
2022-02-25,NEAR,NEAR,90758364,5423685540.982271,8.486606252958834,0,0
2022-02-24,NEAR,NEAR,91326833,5484990558.926568,8.586661017381655,0,0
2022-02-23,NEAR,NEAR,96823877,5723257894.175579,8.966106719447811,0,0
2022-02-22,NEAR,NEAR,92536693,5466840501.710135,8.561711643100352,0,0
2022-02-21,NEAR,NEAR,94288570,5988497182.171686,9.311180404840451,0,0
2022-02-20,NEAR,NEAR,94863599,6397236131.007887,10.061785602688678,0,0
2022-02-19,NEAR,NEAR,77200932,6559352395.692024,10.294061685870307,0,0
2022-02-18,NEAR,NEAR,68220237,6683994619.419835,10.447065371420583,0,0
2022-02-17,NEAR,NEAR,63721803,7169657109.95303,11.210169046509352,0,0
2022-02-16,NEAR,NEAR,65650679,7334705802.835162,11.509137235332924,0,0
2022-02-15,NEAR,NEAR,60316572,6689754498.849147,10.533930223916874,0,0
2022-02-14,NEAR,NEAR,58393896,6631334339.906002,10.424773618235305,0,0
2022-02-13,NEAR,NEAR,60326716,6770713577.25612,10.776792353727158,0,0
2022-02-12,NEAR,NEAR,61879452,6864451324.200302,10.87328032382129,0,0
2022-02-11,NEAR,NEAR,66232337,7499227285.610166,11.82346614520172,0,0
2022-02-10,NEAR,NEAR,71713862,8236046606.064094,12.991470340438813,0,0
2022-02-09,NEAR,NEAR,70589296,8105084182.654686,12.813516834433372,0,0
2022-02-08,NEAR,NEAR,76875031,8560928343.411642,13.510720034480032,0,0
2022-02-07,NEAR,NEAR,76995159,8537202677.362828,13.52397210080566,0,0
2022-02-06,NEAR,NEAR,74901522,8169132750.291066,12.873704789426164,0,0
2022-02-05,NEAR,NEAR,76966780,8170418358.114732,13.03985643249612,0,0
2022-02-04,NEAR,NEAR,66559623,6850145750.057508,10.91625281989249,0,0
2022-02-03,NEAR,NEAR,66474042,6975925339.28438,11.0722606402666,0,0
2022-02-02,NEAR,NEAR,67813333,7087406300.382022,11.234625880279326,0,0
2022-02-01,NEAR,NEAR,67350484,6963599919.23543,11.129860000544564,0,0
2022-01-31,NEAR,NEAR,62644280,6497158103.289896,10.350207321456296,0,0
2022-01-30,NEAR,NEAR,67790169,6889974467.356276,11.064755657202362,0,0
2022-01-29,NEAR,NEAR,66839862,6707495363.024512,10.785350150180475,0,0
2022-01-28,NEAR,NEAR,68198261,6449523453.327385,10.56164578989188,0,0
2022-01-27,NEAR,NEAR,72626211,7046196554.742332,11.308088683745774,0,0
2022-01-26,NEAR,NEAR,75260625,7565927032.829286,12.15778669414525,0,0
2022-01-25,NEAR,NEAR,67969485,6677226630.36266,10.720688290968187,0,0
2022-01-24,NEAR,NEAR,74800957,7214153436.823307,11.728028445395676,0,0
2022-01-23,NEAR,NEAR,79016794,7020154716.501201,11.359403799182694,0,0
2022-01-22,NEAR,NEAR,85188043,8145637836.515916,13.136859138433651,0,0
2022-01-21,NEAR,NEAR,101338580,9534491285.55832,15.252582599936938,0,0
2022-01-20,NEAR,NEAR,105827584,10024057537.191286,16.205634838450408,0,0
2022-01-19,NEAR,NEAR,116316342,10933395115.336452,17.721685989580788,0,0
2022-01-18,NEAR,NEAR,123317309,10916195162.333862,17.772791509920026,0,0
2022-01-17,NEAR,NEAR,129422977,12300351668.008766,20.055964230601138,0,0
2022-01-16,NEAR,NEAR,128684317,11903527528.834972,19.38738359917695,0,0
2022-01-15,NEAR,NEAR,130446396,12462550402.22144,20.23676126297608,0,0
2022-01-14,NEAR,NEAR,128274006,11886135050.94963,19.58552187745689,0,0
2022-01-13,NEAR,NEAR,100741106,10679449765.443829,17.549370261741764,0,0
2022-01-12,NEAR,NEAR,105241762,11030496530.274857,18.096208842649432,0,0
2022-01-11,NEAR,NEAR,91173405,9303025590.731337,15.479842285048102,0,0
2022-01-10,NEAR,NEAR,80574125,8192312009.272713,13.53395156486414,0,0
2022-01-09,NEAR,NEAR,82948360,8434858380.977887,13.853209466601689,0,0
2022-01-08,NEAR,NEAR,92823117,9130670575.866972,15.036343129406085,0,0
2022-01-07,NEAR,NEAR,92322336,9663344935.809565,15.966921041047948,0,0
2022-01-06,NEAR,NEAR,89912875,9357510065.414396,15.43984891988764,0,0
2022-01-05,NEAR,NEAR,85154971,9910727526.736303,16.032932962996124,0,0
2022-01-04,NEAR,NEAR,84936996,9754615200.934122,16.426755145250493,0,0
2022-01-03,NEAR,NEAR,75182749,8688224509.254932,14.435640136719696,0,0
2022-01-02,NEAR,NEAR,76690394,9144393083.312817,15.231516581396988,0,0
2022-01-01,NEAR,NEAR,75011283,8854169171.25533,14.609275429299062,0,0
2021-12-31,NEAR,NEAR,88648847,9282255311.827204,15.41589334159289,0,0
2021-12-30,NEAR,NEAR,85427222,8883767194.882166,14.998093677675588,0,0
2021-12-29,NEAR,NEAR,79508228,8042009803.418517,13.361156331319089,0,0
2021-12-28,NEAR,NEAR,87358432,8794721968.634892,14.6991803978657,0,0
2021-12-27,NEAR,NEAR,98160322,9564238709.0674,16.15134219919088,0,0
2021-12-26,NEAR,NEAR,93844158,9085418392.96444,15.226116314143118,0,0
2021-12-25,NEAR,NEAR,92414640,8852401191.409712,14.843810965722534,0,0
2021-12-24,NEAR,NEAR,89031578,8213930071.402992,13.750746537177791,0,0
2021-12-23,NEAR,NEAR,74238615,6450716901.717287,10.833611093847436,0,0
2021-12-22,NEAR,NEAR,60213462,5521184852.523897,9.267656954217346,0,0
2021-12-21,NEAR,NEAR,58817241,5115427929.676059,8.553332625965279,0,0
2021-12-20,NEAR,NEAR,60886996,5276419989.150698,8.985282932707547,0,0
2021-12-19,NEAR,NEAR,57182650,4898381898.550999,8.420322772719645,0,0
2021-12-18,NEAR,NEAR,57817039,4907343486.566587,8.415058803510613,0,0
2021-12-17,NEAR,NEAR,64898570,5348523280.152644,9.24482184061604,0,0
2021-12-16,NEAR,NEAR,68595782,5753707034.319251,9.837962256200289,0,0
2021-12-15,NEAR,NEAR,66595026,5379379970.694676,9.294415908948812,0,0
2021-12-14,NEAR,NEAR,69886940,5238217100.6513605,9.110274386466866,0,0
2021-12-13,NEAR,NEAR,78617215,6056925719.731372,10.581562496124668,0,0
2021-12-12,NEAR,NEAR,87785152,6507977049.82462,11.499703698770825,0,0
2021-12-11,NEAR,NEAR,77368420,5797549414.016111,10.070459940198926,0,0
2021-12-10,NEAR,NEAR,76512074,5562158393.969573,9.873805042249764,0,0
2021-12-09,NEAR,NEAR,75927013,5364165532.579859,9.38491636103346,0,0
2021-12-08,NEAR,NEAR,64350647,4336095033.249394,7.609277204171576,0,0
2021-12-07,NEAR,NEAR,63404397,4155156380.3113217,7.300216070143302,0,0
2021-12-06,NEAR,NEAR,61566949,4166793551.7147374,7.313289091173842,0,0
2021-12-05,NEAR,NEAR,68896954,4523131651.128932,7.9644307798438545,0,0
2021-12-04,NEAR,NEAR,77774385,5229979418.935005,9.148647987764065,0,0
2021-12-03,NEAR,NEAR,71322590,4684179476.947234,8.2359218335556,0,0
2021-12-02,NEAR,NEAR,72844381,4802464904.4669285,8.49242160159856,0,0
2021-12-01,NEAR,NEAR,75915395,4971035959.31671,8.717096449890493,0,0
2021-11-30,NEAR,NEAR,76079989,4779774941.253657,8.428663773720778,0,0
2021-11-29,NEAR,NEAR,74256081,4736049324.459996,8.36671384715985,0,0
2021-11-28,NEAR,NEAR,75374482,4652451950.418261,8.247549884666583,0,0
2021-11-27,NEAR,NEAR,74234769,4644882804.964103,8.220876097549253,0,0
2021-11-26,NEAR,NEAR,82502770,5222440064.883597,9.26715937373833,0,0
2021-11-25,NEAR,NEAR,84478909,5191927709.934726,9.239854354903905,0,0
2021-11-24,NEAR,NEAR,89951884,5590055187.258083,9.956094409782624,0,0
2021-11-23,NEAR,NEAR,82694050,5222674423.413706,9.286434597234978,0,0
2021-11-22,NEAR,NEAR,83308043,5516903361.620821,9.756552951930006,0,0
2021-11-21,NEAR,NEAR,87402679,5509541650.740074,9.842303773248172,0,0
2021-11-20,NEAR,NEAR,85014580,5286723363.740293,9.478081594689192,0,0
2021-11-19,NEAR,NEAR,86205670,4804143965.018383,8.77754232358639,0,0
2021-11-18,NEAR,NEAR,91176392,5143381526.248416,9.431602877924265,0,0
2021-11-17,NEAR,NEAR,95567037,5341906015.491147,9.754086635239206,0,0
2021-11-16,NEAR,NEAR,111563943,6077651683.476823,11.114207561273624,0,0
2021-11-15,NEAR,NEAR,126268165,6488160591.259671,11.912817217769383,0,0
2021-11-14,NEAR,NEAR,117500303,6078905339.40525,11.200010118452791,0,0
2021-11-13,NEAR,NEAR,118674845,6094079284.221825,11.28376446750906,0,0
2021-11-12,NEAR,NEAR,123424702,6632460997.116532,12.282967289333309,0,0
2021-11-11,NEAR,NEAR,120929895,5809736202.852393,10.80039545516588,0,0
2021-11-10,NEAR,NEAR,120929895,6101921710.151522,11.407872079400793,0,0
2021-11-09,NEAR,NEAR,120929895,5752807080.595666,10.731098705154375,0,0
2021-11-08,NEAR,NEAR,120929895,5519268790.01444,10.358602290491694,0,0
2021-11-07,NEAR,NEAR,120929895,5426450044.4888525,10.21378410682578,0,0
2021-11-06,NEAR,NEAR,120929895,5535370119.823938,10.401289700129553,0,0
2021-11-05,NEAR,NEAR,120929895,5605700127.098233,10.656640636324704,0,0
2021-11-04,NEAR,NEAR,120929895,5866931500.046698,10.993650112660688,0,0
2021-11-03,NEAR,NEAR,120929895,5542978595.986261,10.476172018091766,0,0
2021-11-02,NEAR,NEAR,120929895,5351857915.379154,10.156896824476354,0,0
2021-11-01,NEAR,NEAR,120929895,5383868990.262999,10.18160604809049,0,0
2021-10-31,NEAR,NEAR,120929894,5546579605.666975,10.472299596763536,0,0
2021-10-30,NEAR,NEAR,120929895,6012862998.189456,11.553082716820937,0,0
2021-10-29,NEAR,NEAR,120929895,6005930735.590072,11.37430429649067,0,0
2021-10-28,NEAR,NEAR,120929895,5754623879.37263,10.897722235486224,0,0
2021-10-27,NEAR,NEAR,120929895,6532003975.710111,12.34294859339568,0,0
2021-10-26,NEAR,NEAR,120929895,6529782450.325326,12.419023944498168,0,0
2021-10-25,NEAR,NEAR,95568705,5064477139.684425,9.66930517316558,0,0
2021-10-24,NEAR,NEAR,90906935,4888361567.809482,9.308636751354372,0,0
2021-10-23,NEAR,NEAR,88731221,4790411492.974991,9.137052982191609,0,0
2021-10-22,NEAR,NEAR,90650078,4948483706.113892,9.441376405210605,0,0
2021-10-21,NEAR,NEAR,82586110,4585067815.116113,8.73252908234006,0,0
2021-10-20,NEAR,NEAR,77495713,4258975069.622421,8.190924296279055,0,0
2021-10-19,NEAR,NEAR,75630130,4085119470.840821,7.818739327308521,0,0
2021-10-18,NEAR,NEAR,73480413,4063492796.7004814,7.787778065472014,0,0
2021-10-17,NEAR,NEAR,75230676,4125164140.953084,7.894860900023152,0,0
2021-10-16,NEAR,NEAR,73024010,4104943976.7602687,7.899990112146322,0,0
2021-10-15,NEAR,NEAR,75281761,4201328779.162416,8.072185786294828,0,0
2021-10-14,NEAR,NEAR,68087436,3478713945.896249,7.268418185677782,0,0
2021-10-13,NEAR,NEAR,66726558,3459941116.731689,7.230898921849024,0,0
2021-10-12,NEAR,NEAR,66939252,3511480616.7431045,7.432986789270184,0,0
2021-10-11,NEAR,NEAR,66430734,3525184373.738069,7.388854016754511,0,0
2021-10-10,NEAR,NEAR,71042049,3827578822.254715,8.030802020061742,0,0
2021-10-09,NEAR,NEAR,69977271,3841491799.260476,8.076423366109918,0,0
2021-10-08,NEAR,NEAR,72500754,3895897486.678039,8.219212001542196,0,0
2021-10-07,NEAR,NEAR,66355535,3710089448.381303,7.809205994799195,0,0
2021-10-06,NEAR,NEAR,66619273,3806802980.479666,8.02037349272624,0,0
2021-10-05,NEAR,NEAR,66560001,3633124788.651326,7.663613232577609,0,0
2021-10-04,NEAR,NEAR,60442642,3811889796.356895,8.04799532954171,0,0
2021-10-03,NEAR,NEAR,59409267,3709714444.298699,7.863064642109847,0,0
2021-10-02,NEAR,NEAR,57709974,3668765583.82361,7.809324547064601,0,0
2021-10-01,NEAR,NEAR,55389072,3258595976.823328,6.925046867353292,0,0
2021-09-30,NEAR,NEAR,50481827,3133526319.308232,6.676914566535775,0,0
2021-09-29,NEAR,NEAR,50075862,3010152635.768278,6.383703330732744,0,0
2021-09-28,NEAR,NEAR,49242663,3242273576.7319875,6.87632056691487,0,0
2021-09-27,NEAR,NEAR,52870577,3402757963.021612,7.294410596417686,0,0
2021-09-26,NEAR,NEAR,54102249,3584836813.193487,7.68236523127079,0,0
2021-09-25,NEAR,NEAR,58355278,3697234957.597933,7.943531811854199,0,0
2021-09-24,NEAR,NEAR,60371944,4327937284.795275,9.29236035907466,0,0
2021-09-23,NEAR,NEAR,67957428,3551502275.820574,7.645125639465004,0,0
2021-09-22,NEAR,NEAR,56718968,3064468322.837933,6.60426596589241,0,0
2021-09-21,NEAR,NEAR,52048770,3548918294.152199,7.691288763147939,0,0
2021-09-20,NEAR,NEAR,58457565,4540097239.496943,9.94782223803054,0,0
2021-09-19,NEAR,NEAR,69160382,4198036119.318136,9.086396909534528,0,0
2021-09-18,NEAR,NEAR,68158346,3858855095.3698063,8.330635155773159,0,0
2021-09-17,NEAR,NEAR,53216182,4022394973.672067,8.767409782434568,0,0
2021-09-16,NEAR,NEAR,67268092,4279909193.4842033,9.296780737672002,0,0
2021-09-15,NEAR,NEAR,74737898,3968883455.870209,8.637406058160568,0,0
2021-09-14,NEAR,NEAR,63630343,3732114013.232657,8.236702010579675,0,0
2021-09-13,NEAR,NEAR,64726973,4096500208.115128,9.014020740345051,0,0
2021-09-12,NEAR,NEAR,60781489,4051185527.15252,8.968649905914233,0,0
2021-09-11,NEAR,NEAR,60015801,4478084466.57592,9.9074395179828,0,0
2021-09-10,NEAR,NEAR,59307153,4422910530.809565,9.777801113658546,0,0
2021-09-09,NEAR,NEAR,58780860,4654346681.365889,10.365184120839684,0,0
2021-09-08,NEAR,NEAR,45753119,3803209503.799712,8.646942749327959,0,0
2021-09-07,NEAR,NEAR,38461845,2744365075.5656147,6.11412261228396,0,0
2021-09-06,NEAR,NEAR,34811228,2736119755.6989717,6.123642352724773,0,0
2021-09-05,NEAR,NEAR,30744365,2734485034.922619,6.092990896502329,0,0
2021-09-04,NEAR,NEAR,25279668,2754493625.896748,6.179327832042541,0,0
2021-09-03,NEAR,NEAR,8671012,2455044728.1664395,5.50168638971479,0,0
2021-09-02,NEAR,NEAR,4384242,2445865992.311003,5.48953446652111,0,0
2021-09-01,NEAR,NEAR,4141607,2356222373.204287,5.305027537836623,0,0
2021-08-31,NEAR,NEAR,4377835,2374422823.8175545,5.368247101686802,0,0
2021-08-30,NEAR,NEAR,3480137,2496506975.88318,5.639550405337735,0,0
2021-08-29,NEAR,NEAR,3510422,2535399790.1720166,5.707543337345135,0,0
2021-08-28,NEAR,NEAR,2988607,2347885183.255814,5.314849241398814,0,0
2021-08-27,NEAR,NEAR,1575891,2192485215.802988,4.9501519028380265,0,0
2021-08-26,NEAR,NEAR,1441298,2405349706.476688,5.478235066211459,0,0
2021-08-25,NEAR,NEAR,1116147,2280438625.4264703,5.167150280776363,0,0
2021-08-24,NEAR,NEAR,828387,2417642290.0762987,5.504823425767366,0,0
2021-08-23,NEAR,NEAR,116402,2420253290.823279,5.492712357058148,0,0
2021-08-22,NEAR,NEAR,2314,2676608136.5186834,6.139505713954202,0,0
2021-08-21,NEAR,NEAR,2376,1922156678.5940232,4.412823245602742,0,0
